Time,Competitor,Operation,OrderId,Instrument,Side,Volume,Price,Lifespan,Fee
0.0,,Insert,41896283,0,A,100,82700,G,
0.0,,Insert,41896307,0,A,800,82800,G,
0.0,,Insert,41896335,0,A,800,82700,G,
0.0,,Insert,41896419,0,A,300,83100,G,
0.0,,Insert,41896735,0,A,100,83000,G,
0.0,,Insert,41896771,0,B,100,82100,G,
0.0,,Insert,41897163,0,B,400,82200,G,
0.0,,Insert,41900227,0,B,100,80800,G,
0.0,,Insert,41902587,0,A,100,83100,G,
0.0,,Insert,41903323,0,B,800,82400,G,
0.0,,Insert,41904111,0,A,100,82600,G,
0.0,,Insert,41904115,0,A,100,82600,G,
0.0,,Insert,41904119,0,A,100,82600,G,
0.0,,Insert,7047741,1,A,1000,83000,G,
0.0,,Insert,7047742,1,B,1000,82000,G,
0.084444,,Insert,41904155,0,A,100,82600,G,
0.08449,,Insert,41904171,0,B,100,82500,G,
0.084567,,Insert,41904195,0,A,100,82600,G,
0.084611,,Insert,41904215,0,A,100,82600,G,
0.084654,,Cancel,41904171,,,-100,,,
0.08469,,Insert,41904235,0,A,100,82500,G,
0.084703,,Cancel,41904215,,,-100,,,
0.084716,,Cancel,41904235,,,-100,,,
0.084745,,Cancel,41896419,,,-300,,,
0.084758,,Cancel,41904119,,,-100,,,
0.084789,,Insert,41904283,0,A,800,82600,G,
0.084952,,Insert,41904375,0,B,200,82500,G,
0.085062,,Cancel,41903323,,,-800,,,
0.085062,,Insert,41904435,0,A,100,82900,G,
0.085125,,Cancel,41904375,,,-200,,,
0.085326,,Insert,41904567,0,B,100,82500,G,
0.085326,,Cancel,41900227,,,-100,,,
0.085363,,Insert,41904583,0,A,800,82600,G,
0.085382,,Cancel,41904567,,,-100,,,
0.085382,,Insert,41904591,0,B,300,82200,G,
0.085544,,Insert,41904727,0,B,200,82500,G,
0.085557,,Insert,41904731,0,B,100,82500,G,
0.085791,,Cancel,41904731,,,-100,,,
0.086059,,Cancel,41904727,,,-200,,,
0.08708,,Insert,41905515,0,A,800,82600,G,
0.08711,,Insert,41905523,0,A,100,82500,G,
0.087113,,Insert,41905527,0,A,300,83500,G,
0.087139,,Cancel,41904583,,,-800,,,
0.087139,,Insert,41905539,0,A,300,82700,G,
0.08714,,Cancel,41905515,,,-800,,,
0.087816,,Cancel,41905523,,,-100,,,
0.089562,,Cancel,41904435,,,-100,,,
0.091084,,Insert,41906383,0,B,200,82500,G,
0.091368,,Cancel,41905527,,,-300,,,
0.09194,,Cancel,41906383,,,-200,,,
0.091969,,Insert,41906479,0,A,800,82600,G,
0.092008,,Insert,41906491,0,A,200,82600,G,
0.093205,,Insert,41906659,0,A,800,82600,G,
0.096417,,Insert,5004713,1,A,90,83300,G,
0.097091,,Cancel,41906479,,,-800,,,
0.097539,,Cancel,41905539,,,-300,,,
0.10183,,Cancel,41906659,,,-800,,,
0.106803,,Insert,41907799,0,A,100,84100,G,
0.11492,,Insert,41908187,0,B,800,82400,G,
0.114963,,Insert,41908191,0,B,100,80700,G,
0.115393,,Insert,41908211,0,A,800,82600,G,
0.115408,,Cancel,41907799,,,-100,,,
0.11627,,Insert,41908255,0,A,100,82500,G,
0.116298,,Cancel,41908211,,,-800,,,
0.116303,,Insert,41908263,0,A,300,82700,G,
0.123563,,Insert,41908663,0,A,200,82500,G,
0.123565,,Cancel,41906491,,,-200,,,
0.123832,,Cancel,41908255,,,-100,,,
0.124323,,Cancel,41908187,,,-800,,,
0.124368,,Insert,41908811,0,A,100,84000,G,
0.124569,,Cancel,41908663,,,-200,,,
0.127853,,Insert,41909187,0,A,100,82500,G,
0.128199,,Cancel,41909187,,,-100,,,
0.134369,,Insert,41910431,0,B,800,82400,G,
0.134605,,Cancel,41908811,,,-100,,,
0.134749,,Cancel,41908263,,,-300,,,
0.134965,,Insert,41910523,0,B,100,82400,G,
0.135055,,Cancel,41910523,,,-100,,,
0.143141,,Cancel,41904155,,,-100,,,
0.146221,,Insert,41913391,0,B,300,82400,G,
0.146222,,Insert,41913395,0,B,300,82400,G,
0.148627,,Insert,41913799,0,B,100,82400,G,
0.150117,,Cancel,41913799,,,-100,,,
0.15015,,Cancel,41913391,,,-300,,,
0.150366,,Cancel,41913395,,,-300,,,
0.154167,,Cancel,41910431,,,-800,,,
0.154198,,Insert,41914263,0,A,800,82600,G,
0.154759,,Insert,41914323,0,A,100,82500,G,
0.154786,,Cancel,41914263,,,-800,,,
0.154791,,Insert,41914331,0,A,300,82700,G,
0.155317,,Cancel,41908191,,,-100,,,
0.155346,,Insert,41914379,0,A,100,82500,G,
0.155384,,Insert,41914387,0,A,200,82500,G,
0.155767,,Insert,41914615,0,A,800,82500,G,
0.155925,,Insert,41914691,0,A,800,82500,G,
0.156,,Insert,41914715,0,A,100,82500,G,
0.156415,,Insert,41914923,0,B,100,81400,G,
0.15642,,Insert,41914927,0,B,100,81400,G,
0.15667,,Insert,41915099,0,B,200,82400,G,
0.156701,,Insert,41915127,0,B,300,82000,G,
0.15671,,Cancel,41914927,,,-100,,,
0.156728,,Cancel,41914923,,,-100,,,
0.156782,,Cancel,41897163,,,-400,,,
0.156782,,Insert,41915187,0,B,400,82100,G,
0.160255,,Cancel,41914691,,,-800,,,
0.160883,,Insert,41916443,0,A,800,82500,G,
0.161048,,Cancel,41915099,,,-200,,,
0.161127,,Insert,41916515,0,B,100,81400,G,
0.161129,,Insert,41916519,0,B,100,81400,G,
0.161217,,Insert,41916559,0,A,800,82500,G,
0.161427,,Insert,41916639,0,A,800,82400,G,
0.16146,,Cancel,41916443,,,-800,,,
0.161462,,Cancel,41916559,,,-800,,,
0.161464,,Cancel,41914379,,,-100,,,
0.161585,,Insert,41916747,0,A,2000,84000,G,
0.165078,,Cancel,41916639,,,-800,,,
0.165381,,Amend,41916747,,,-1000,,,
0.165848,,Insert,41918103,0,B,200,82400,G,
0.165878,,Cancel,41916519,,,-100,,,
0.165878,,Cancel,41916515,,,-100,,,
0.17409,,Insert,41919363,0,A,100,82500,G,
0.174094,,Insert,41919367,0,A,138,82500,G,
0.174101,,Cancel,41918103,,,-200,,,
0.174128,,Insert,41919375,0,B,100,81400,G,
0.174131,,Insert,41919379,0,B,100,81400,G,
0.174137,,Insert,41919383,0,A,100,82500,G,
0.174141,,Cancel,41919363,,,-100,,,
0.174144,,Insert,41919387,0,A,100,83900,G,
0.175248,,Cancel,41919367,,,-138,,,
0.176562,,Insert,41919587,0,A,800,82500,G,
0.177182,,Cancel,41919383,,,-100,,,
0.181682,,Cancel,41919587,,,-800,,,
0.181685,,Insert,41920035,0,B,800,82300,G,
0.181688,,Insert,41920039,0,B,100,82400,G,
0.18171,,Insert,41920047,0,B,200,82400,G,
0.181739,,Cancel,41919375,,,-100,,,
0.181807,,Cancel,41919379,,,-100,,,
0.181898,,Cancel,41919387,,,-100,,,
0.181904,,Insert,41920059,0,B,100,80500,G,
0.182248,,Cancel,41916747,,,-1000,,,
0.189002,,Cancel,41920035,,,-800,,,
0.189176,,Cancel,41920039,,,-100,,,
0.189176,,Cancel,41920047,,,-200,,,
0.189212,,Insert,41920443,0,B,100,81400,G,
0.189214,,Insert,41920447,0,B,100,81400,G,
0.189295,,Insert,41920455,0,A,100,82500,G,
0.189306,,Insert,41920463,0,A,800,82500,G,
0.189356,,Cancel,41920455,,,-100,,,
0.189423,,Insert,41920523,0,A,800,82500,G,
0.189583,,Insert,41920559,0,A,800,82400,G,
0.189614,,Cancel,41920523,,,-800,,,
0.189614,,Cancel,41920463,,,-800,,,
0.189727,,Insert,41920595,0,A,2000,84000,G,
0.189864,,Insert,41920659,0,A,200,82400,G,
0.189866,,Cancel,41914387,,,-200,,,
0.190658,,Cancel,41920559,,,-800,,,
0.190725,,Amend,41920595,,,-1000,,,
0.190874,,Cancel,41920659,,,-200,,,
0.191162,,Insert,41921239,0,A,300,83500,G,
0.191361,,Insert,41921271,0,B,800,82300,G,
0.191364,,Insert,41921275,0,B,100,82300,G,
0.192092,,Insert,41921355,0,A,800,82500,G,
0.192092,,Cancel,41921275,,,-100,,,
0.192116,,Cancel,41921271,,,-800,,,
0.192321,,Insert,41921391,0,A,100,82500,G,
0.192403,,Insert,41921395,0,A,100,82400,G,
0.192405,,Insert,41921399,0,A,200,82500,G,
0.192433,,Cancel,41921355,,,-800,,,
0.19306,,Insert,41921495,0,A,1000,84000,G,
0.193159,,Cancel,41921395,,,-100,,,
0.193526,,Insert,41921555,0,B,100,82300,G,
0.193771,,Cancel,41921495,,,-1000,,,
0.193817,,Cancel,41921555,,,-100,,,
0.193817,,Insert,41921635,0,B,100,82400,G,
0.193845,,Cancel,41920447,,,-100,,,
0.193862,,Cancel,41920443,,,-100,,,
0.19568,,Cancel,41921391,,,-100,,,
0.197689,,Cancel,41920595,,,-1000,,,
0.199608,,Insert,1366392,0,A,100,82400,F,
0.199629,,Insert,41922139,0,A,100,82500,G,
0.199635,,Insert,41922143,0,A,46,82500,G,
0.199638,,Insert,41922147,0,B,100,81400,G,
0.19964,,Insert,41922151,0,B,100,81400,G,
0.20052,,Insert,41922179,0,A,100,82500,G,
0.201112,,Cancel,41922139,,,-100,,,
0.201112,,Insert,41922215,0,A,100,82400,G,
0.201126,,Insert,41922219,0,A,1000,84000,G,
0.205724,,Cancel,41922219,,,-1000,,,
0.205755,,Cancel,41922215,,,-100,,,
0.205778,,Cancel,41922143,,,-46,,,
0.205789,,Cancel,41922179,,,-100,,,
0.205814,,Insert,41922771,0,B,100,82300,G,
0.205827,,Insert,41922787,0,B,200,82400,G,
0.20584,,Insert,41922803,0,B,100,82300,G,
0.20586,,Cancel,41922151,,,-100,,,
0.205865,,Cancel,41922147,,,-100,,,
0.205867,,Cancel,41922803,,,-100,,,
0.205879,,Cancel,41914615,,,-800,,,
0.205918,,Insert,41922819,0,A,100,82500,G,
0.206875,,Cancel,41922819,,,-100,,,
0.207644,,Cancel,41922787,,,-200,,,
0.20765,,Insert,41923147,0,A,800,82500,G,
0.207677,,Insert,41923151,0,B,100,81400,G,
0.209209,,Insert,41923395,0,B,100,82300,G,
0.209928,,Insert,1366435,0,B,3,82500,F,
0.209958,,Insert,41923571,0,B,100,82400,G,
0.209958,,Insert,41923575,0,B,200,82400,G,
0.209986,,Cancel,41923395,,,-100,,,
0.209992,,Cancel,41923151,,,-100,,,
0.209995,,Insert,41923579,0,B,100,82300,G,
0.213795,,Cancel,41923147,,,-800,,,
0.214248,,Cancel,41920059,,,-100,,,
0.214261,,Insert,41924059,0,B,100,80600,G,
0.21457,,Insert,41924079,0,B,800,82200,G,
0.214586,,Insert,41924083,0,B,800,82300,G,
0.214676,,Insert,41924091,0,A,800,82500,G,
0.217384,,Cancel,41924091,,,-800,,,
0.218121,,Insert,41924267,0,B,800,82400,G,
0.218627,,Cancel,41924267,,,-800,,,
0.241206,,Insert,41925455,0,A,100,84000,G,
0.25,TraderOne,Insert,1,1,B,10,82200,G,
0.25,TraderOne,Insert,2,1,A,10,82400,G,
0.257051,,Cancel,41915187,,,-400,,,
0.257051,,Insert,41926423,0,B,400,82200,G,
0.265692,,Insert,41927023,0,A,400,82700,G,
0.292735,,Insert,5004714,1,A,26,83300,G,
0.294255,,Cancel,41924059,,,-100,,,
0.294259,,Insert,41928931,0,B,100,80700,G,
0.294358,,Insert,41928939,0,B,800,82400,G,
0.305727,,Cancel,41923571,,,-100,,,
0.30574,,Cancel,41928939,,,-800,,,
0.329059,,Cancel,41921239,,,-300,,,
0.339943,,Cancel,41923575,,,-200,,,
0.340004,,Insert,41931079,0,B,100,81400,G,
0.340004,,Insert,41931083,0,B,100,81400,G,
0.340219,,Insert,41931091,0,B,100,82400,G,
0.340246,,Cancel,41931079,,,-100,,,
0.340265,,Cancel,41931083,,,-100,,,
0.353285,,Cancel,41914323,,,-97,,,
0.353531,,Insert,41931671,0,A,100,82500,G,
0.361265,,Insert,41931859,0,B,800,82400,G,
0.361267,,Cancel,41931671,,,-100,,,
0.361356,,Cancel,41914715,,,-100,,,
0.361393,,Cancel,41921399,,,-200,,,
0.361471,,Insert,41931899,0,A,100,82500,G,
0.361489,,Insert,41931903,0,A,800,82600,G,
0.361489,,Insert,41931907,0,A,800,82600,G,
0.361502,,Cancel,41931903,,,-800,,,
0.361503,,Cancel,41931907,,,-800,,,
0.361511,,Insert,41931911,0,A,200,82500,G,
0.361527,,Cancel,41931859,,,-800,,,
0.364085,,Cancel,41926423,,,-400,,,
0.364085,,Insert,41932007,0,B,400,82100,G,
0.364092,,Insert,41932011,0,A,800,82500,G,
0.364375,,Cancel,41931091,,,-100,,,
0.364404,,Insert,41932023,0,B,100,81400,G,
0.365409,,Insert,41932063,0,B,200,82400,G,
0.365436,,Cancel,41932023,,,-100,,,
0.368807,,Cancel,41932011,,,-800,,,
0.390251,,Insert,41933067,0,B,300,81300,G,
0.394955,,Insert,41933247,0,A,800,82500,G,
0.395028,,Cancel,41927023,,,-400,,,
0.395245,,Cancel,41933247,,,-800,,,
0.395276,,Cancel,41925455,,,-100,,,
0.395473,,Cancel,41932007,,,-400,,,
0.395699,,Insert,41933407,0,B,800,82400,G,
0.396805,,Insert,5004715,1,B,4,81200,G,
0.397587,,Cancel,41914331,,,-300,,,
0.403125,,Insert,41933927,0,B,300,81300,G,
0.406208,,Cancel,41933407,,,-800,,,
0.406799,,Insert,41934067,0,B,800,82400,G,
0.406799,,Cancel,41928931,,,-100,,,
0.406803,,Insert,41934071,0,B,100,80800,G,
0.417169,,Cancel,41931899,,,-100,,,
0.417204,,Cancel,41931911,,,-200,,,
0.41765,,Insert,41934459,0,B,100,82400,G,
0.419018,,Cancel,41896735,,,-100,,,
0.419783,,Insert,41934515,0,A,200,82600,G,
0.419887,,Cancel,41904115,,,-100,,,
0.419965,,Insert,41934527,0,A,81,82600,G,
0.421479,,Cancel,41934071,,,-100,,,
0.421488,,Insert,41934647,0,A,100,82600,G,
0.421621,,Insert,41934663,0,A,800,82600,G,
0.421629,,Insert,41934667,0,A,100,82600,G,
0.421839,,Cancel,41934067,,,-800,,,
0.421866,,Insert,41934695,0,B,100,82400,G,
0.426145,,Insert,41935259,0,A,800,82600,G,
0.438185,,Insert,41936543,0,A,100,84000,G,
0.438883,,Cancel,41934647,,,-100,,,
0.441137,,Cancel,41934695,,,-100,,,
0.44142,,Cancel,41934667,,,-100,,,
0.44142,,Insert,41937075,0,A,100,82500,G,
0.441445,,Cancel,41937075,,,-100,,,
0.441449,,Cancel,41935259,,,-800,,,
0.441452,,Cancel,41934663,,,-800,,,
0.441454,,Insert,41937087,0,A,300,82700,G,
0.441593,,Insert,41937111,0,A,100,82500,G,
0.441984,,Insert,41937135,0,A,200,82500,G,
0.441984,,Cancel,41934515,,,-200,,,
0.442188,,Insert,41937167,0,A,800,82500,G,
0.442616,,Cancel,41934459,,,-100,,,
0.443132,,Insert,41937327,0,A,300,83600,G,
0.452407,,Cancel,41932063,,,-200,,,
0.452438,,Insert,41937995,0,B,100,81400,G,
0.452462,,Insert,41937999,0,A,100,82500,G,
0.452488,,Insert,41938003,0,A,100,82500,G,
0.452729,,Insert,41938023,0,A,100,82800,G,
0.452836,,Cancel,41938003,,,-100,,,
0.452836,,Insert,41938035,0,A,100,82400,G,
0.452862,,Cancel,41938035,,,-100,,,
0.452877,,Cancel,41922771,,,-100,,,
0.453011,,Insert,41938063,0,A,100,82400,G,
0.453052,,Insert,41938071,0,A,1000,84000,G,
0.45306,,Cancel,41938023,,,-100,,,
0.453347,,Cancel,41933927,,,-300,,,
0.459198,,Insert,41938571,0,A,200,82400,G,
0.459198,,Cancel,41937135,,,-200,,,
0.460477,,Cancel,41924083,,,-800,,,
0.460703,,Insert,41938671,0,A,800,82400,G,
0.460729,,Insert,41938679,0,A,100,83900,G,
0.46074,,Cancel,41936543,,,-100,,,
0.461165,,Insert,41938711,0,A,1000,84000,G,
0.461235,,Cancel,41923579,,,-100,,,
0.461264,,Insert,41938715,0,B,100,82300,G,
0.461265,,Insert,41938719,0,B,200,82300,G,
0.464822,,Insert,41938883,0,B,400,82100,G,
0.465712,,Insert,41938919,0,A,400,82600,G,
0.476425,,Cancel,41938671,,,-800,,,
0.47682,,Insert,41939559,0,A,800,82400,G,
0.484514,,Cancel,41939559,,,-800,,,
0.484559,,Insert,41940135,0,B,100,80700,G,
0.484839,,Cancel,41938711,,,-1000,,,
0.484913,,Cancel,41940135,,,-100,,,
0.484917,,Insert,41940159,0,B,100,80800,G,
0.516,TraderOne,Cancel,1,,,-10,,,
0.516,TraderOne,Cancel,2,,,-10,,,
0.516,TraderOne,Insert,3,1,B,10,82300,G,
0.516,TraderOne,Insert,4,1,A,10,82500,G,
0.531278,,Cancel,41938063,,,-100,,,
0.531293,,Cancel,41938679,,,-100,,,
0.531316,,Cancel,41938571,,,-200,,,
0.531551,,Insert,41942131,0,B,100,82300,G,
0.531724,,Insert,41942163,0,B,100,82300,G,
0.531856,,Insert,41942187,0,A,100,82500,G,
0.538389,,Cancel,41942131,,,-100,,,
0.539335,,Cancel,41938883,,,-400,,,
0.539335,,Insert,41942695,0,B,400,82200,G,
0.53934,,Insert,41942699,0,B,800,82300,G,
0.539533,,Cancel,41942695,,,-400,,,
0.539533,,Insert,41942727,0,B,400,82100,G,
0.539635,,Cancel,41938919,,,-400,,,
0.539779,,Insert,41942751,0,B,100,82000,G,
0.539879,,Cancel,41938071,,,-1000,,,
0.540102,,Cancel,41942751,,,-100,,,
0.548,,Insert,41943247,0,B,100,82000,G,
0.548299,,Cancel,41943247,,,-100,,,
0.551318,,Cancel,41933067,,,-300,,,
0.556807,,Insert,41943647,0,A,100,84000,G,
0.55836,,Insert,41943679,0,B,100,45400,G,
0.558362,,Insert,41943683,0,B,100,45400,G,
0.581807,,Insert,41944143,0,A,100,82400,G,
0.582291,,Insert,41944167,0,A,200,82400,G,
0.582304,,Cancel,41942187,,,-100,,,
0.592644,,Cancel,41943647,,,-100,,,
0.592649,,Insert,41944419,0,A,100,83900,G,
0.59284,,Cancel,41942699,,,-800,,,
0.643881,,Cancel,41940159,,,-100,,,
0.647876,,Cancel,41944143,,,-100,,,
0.647913,,Cancel,41944167,,,-200,,,
0.648743,,Insert,41946695,0,A,100,82400,G,
0.649113,,Insert,41946767,0,A,200,82400,G,
0.665724,,Insert,41947271,0,A,400,82600,G,
0.673029,,Insert,41947407,0,B,100,80800,G,
0.69936,,Cancel,41946695,,,-100,,,
0.699396,,Cancel,41946767,,,-200,,,
0.700265,,Insert,41948155,0,A,200,82500,G,
0.707438,,Insert,41948367,0,B,800,82300,G,
0.707937,,Cancel,41937999,,,-100,,,
0.712787,,Insert,41948579,0,B,100,82400,G,
0.713055,,Cancel,41937995,,,-100,,,
0.725176,,Insert,41949003,0,B,300,81300,G,
0.754657,,Insert,41951535,0,A,100,82500,G,
0.754666,,Insert,41951539,0,A,19,82500,G,
0.75472,,Cancel,41951535,,,-100,,,
0.754779,,Cancel,41948579,,,-100,,,
0.754808,,Insert,41951551,0,B,100,81400,G,
0.760351,,Insert,41951931,0,B,100,82400,G,
0.760381,,Cancel,41951551,,,-100,,,
0.763149,,Cancel,41951931,,,-100,,,
0.763177,,Insert,41952111,0,B,100,81400,G,
0.768689,,Insert,41952639,0,A,100,82500,G,
0.769096,,Cancel,41949003,,,-300,,,
0.769232,,Cancel,41952639,,,-100,,,
0.769232,,Insert,41952747,0,A,100,82400,G,
0.769286,,Cancel,41952747,,,-100,,,
0.769344,,Insert,41952767,0,A,100,82400,G,
0.770111,,Insert,41952883,0,A,200,82400,G,
0.770112,,Cancel,41948155,,,-200,,,
0.77677,,Cancel,41948367,,,-800,,,
0.776825,,Cancel,41947407,,,-100,,,
0.777541,,Insert,41953239,0,A,800,82400,G,
0.777817,,Insert,41953291,0,A,1000,84000,G,
0.778156,,Cancel,41942163,,,-100,,,
0.778171,,Insert,41953315,0,A,1000,84000,G,
0.779606,,Cancel,41938715,,,-100,,,
0.779701,,Cancel,41953315,,,-1000,,,
0.779874,,Cancel,41942727,,,-400,,,
0.779874,,Insert,41953383,0,B,400,82000,G,
0.779877,,Cancel,41904591,,,-300,,,
0.780077,,Insert,41953395,0,A,1000,84000,G,
0.784667,,Cancel,41951539,,,-19,,,
0.815188,,Insert,41954899,0,B,100,80800,G,
0.821457,,Insert,41955099,0,A,300,83500,G,
0.826219,,Cancel,41952767,,,-100,,,
0.826658,,Cancel,41955099,,,-300,,,
0.837478,,Cancel,41953239,,,-800,,,
0.837492,,Cancel,41944419,,,-100,,,
0.837514,,Cancel,41952883,,,-200,,,
0.837683,,Insert,41955735,0,B,100,82300,G,
0.837721,,Insert,41955747,0,B,100,82300,G,
0.837865,,Insert,41955779,0,A,200,82500,G,
0.8379,,Cancel,41955735,,,-100,,,
0.837903,,Cancel,41953395,,,-1000,,,
0.838006,,Insert,41955815,0,A,100,82500,G,
0.838964,,Insert,41955939,0,B,100,82400,G,
0.838996,,Cancel,41952111,,,-100,,,
0.838996,,Insert,41955943,0,B,300,82200,G,
0.845785,,Insert,41956339,0,B,800,82300,G,
0.845956,,Cancel,41955939,,,-100,,,
0.845998,,Insert,41956379,0,B,100,81400,G,
0.846003,,Insert,41956383,0,B,100,81400,G,
0.846048,,Insert,41956387,0,B,100,82300,G,
0.846315,,Cancel,41953291,,,-1000,,,
0.849997,,Insert,41956607,0,B,100,82400,G,
0.850123,,Cancel,41956379,,,-100,,,
0.850123,,Cancel,41956383,,,-100,,,
0.850632,,Cancel,41955779,,,-200,,,
0.850641,,Cancel,41955815,,,-100,,,
0.851203,,Insert,41956755,0,B,300,81300,G,
0.851472,,Insert,41956799,0,B,300,81300,G,
0.852264,,Cancel,41956339,,,-800,,,
0.855199,,Cancel,41956755,,,-300,,,
0.858544,,Insert,41957247,0,B,800,82300,G,
0.858685,,Cancel,41947271,,,-400,,,
0.858772,,Insert,41957307,0,A,100,82500,G,
0.858913,,Cancel,41953383,,,-400,,,
0.858913,,Insert,41957443,0,B,400,82200,G,
0.859055,,Cancel,41954899,,,-100,,,
0.859178,,Cancel,41956607,,,-100,,,
0.859181,,Cancel,41957443,,,-400,,,
0.859181,,Insert,41957471,0,B,400,82100,G,
0.859207,,Insert,41957475,0,B,100,81400,G,
0.859213,,Insert,41957479,0,B,100,81400,G,
0.859229,,Insert,41957487,0,A,100,84000,G,
0.859431,,Cancel,41957487,,,-100,,,
0.859438,,Insert,41957507,0,A,100,83900,G,
0.85955,,Cancel,41957507,,,-100,,,
0.859871,,Insert,41957555,0,A,100,82500,G,
0.860854,,Cancel,41957247,,,-800,,,
0.861309,,Cancel,41957555,,,-100,,,
0.862117,,Insert,41957711,0,B,800,82300,G,
0.862682,,Insert,41957751,0,B,100,82400,G,
0.862686,,Cancel,41937167,,,-800,,,
0.862698,,Insert,41957763,0,B,100,82300,G,
0.862711,,Cancel,41957479,,,-100,,,
0.862715,,Cancel,41957475,,,-100,,,
0.862728,,Insert,41957771,0,A,100,82500,G,
0.862878,,Cancel,41957771,,,-100,,,
0.867471,,Insert,41957947,0,A,800,82500,G,
0.867471,,Cancel,41957751,,,-100,,,
0.867499,,Insert,41957951,0,B,100,81400,G,
0.867503,,Cancel,41957763,,,-100,,,
0.868097,,Insert,41957963,0,B,100,82000,G,
0.870085,,Cancel,41957947,,,-800,,,
0.87012,,Insert,41958023,0,A,100,82500,G,
0.871055,,Insert,41958059,0,A,800,82500,G,
0.872067,,Insert,41958107,0,B,100,82400,G,
0.872193,,Cancel,41957951,,,-100,,,
0.872403,,Cancel,41958107,,,-100,,,
0.872509,,Insert,41958139,0,B,100,81400,G,
0.872515,,Insert,41958143,0,B,100,81400,G,
0.872544,,Cancel,41957711,,,-800,,,
0.872633,,Cancel,41957963,,,-100,,,
0.872634,,Insert,41958147,0,A,800,82500,G,
0.873208,,Cancel,41958147,,,-800,,,
0.873427,,Insert,41958171,0,B,100,82400,G,
0.873657,,Cancel,41958139,,,-100,,,
0.873659,,Cancel,41958143,,,-100,,,
0.873857,,Cancel,41958171,,,-100,,,
0.87398,,Insert,41958175,0,B,100,81400,G,
0.87929,,Insert,41958247,0,B,100,82400,G,
0.87958,,Cancel,41958175,,,-100,,,
0.881225,,Cancel,41958247,,,-100,,,
0.881334,,Insert,41958319,0,B,100,81400,G,
0.881336,,Insert,41958323,0,B,100,81400,G,
0.883095,,Insert,41958435,0,B,800,82300,G,
0.883254,,Cancel,41958059,,,-800,,,
0.883669,,Cancel,41958023,,,-100,,,
0.889537,,Insert,41958575,0,A,800,82500,G,
0.894394,,Insert,41958815,0,A,100,83900,G,
0.894417,,Cancel,41958435,,,-800,,,
0.894547,,Insert,41958843,0,A,100,82500,G,
0.905881,,Cancel,7047741,,,-1000,,,
0.905881,,Cancel,7047742,,,-1000,,,
0.905881,,Insert,7047743,1,A,1000,82900,G,
0.905881,,Insert,7047744,1,B,1000,81900,G,
0.91291,,Cancel,41958843,,,-100,,,
0.913495,,Insert,41959339,0,A,100,82500,G,
0.916804,,Insert,41959443,0,B,100,80800,G,
0.923848,,Cancel,41959339,,,-100,,,
0.924092,,Insert,41959651,0,B,100,82000,G,
0.92441,,Cancel,41959651,,,-100,,,
0.947069,,Insert,41960235,0,B,100,82000,G,
0.94738,,Cancel,41960235,,,-100,,,
0.963222,,Insert,41960743,0,B,300,81300,G,
0.966131,,Insert,41960811,0,A,78,82500,G,
0.966159,,Insert,41960815,0,A,400,82600,G,
0.96812,,Insert,41960879,0,A,100,82500,G,
0.968476,,Cancel,41960811,,,-78,,,
0.968476,,Insert,41960895,0,A,78,82400,G,
0.968477,,Cancel,41960879,,,-100,,,
0.968477,,Insert,41960899,0,A,100,82400,G,
0.9685,,Cancel,41960899,,,-100,,,
0.968961,,Cancel,41960895,,,-78,,,
0.968991,,Insert,41960939,0,A,100,82400,G,
0.974509,,Cancel,41960939,,,-100,,,
0.974545,,Cancel,41957307,,,-100,,,
0.974553,,Insert,41961195,0,B,100,82000,G,
0.974852,,Insert,41961215,0,A,100,82500,G,
0.987757,,Insert,41961771,0,A,19,82500,G,
0.987775,,Cancel,41961195,,,-100,,,
0.98802,,Insert,41961783,0,A,100,82400,G,
0.988082,,Insert,41961787,0,A,100,82400,G,
0.988084,,Cancel,41961215,,,-100,,,
1.00944,,Cancel,41961783,,,-100,,,
1.009474,,Cancel,41961787,,,-100,,,
1.009538,,Insert,41962855,0,B,100,82300,G,
1.009776,,Cancel,41961771,,,-19,,,
1.009828,,Insert,41962867,0,B,100,82000,G,
1.009904,,Cancel,41962855,,,-100,,,
1.009904,,Insert,41962871,0,B,100,82400,G,
1.009928,,Cancel,41962871,,,-100,,,
1.009932,,Cancel,41958319,,,-100,,,
1.009932,,Cancel,41958323,,,-100,,,
1.009938,,Insert,41962883,0,B,100,82400,G,
1.009955,,Cancel,41962883,,,-100,,,
1.01004,,Insert,41962891,0,B,100,81400,G,
1.01004,,Insert,41962895,0,B,100,82400,G,
1.010041,,Insert,41962899,0,B,100,81400,G,
1.010064,,Cancel,41962899,,,-100,,,
1.010072,,Cancel,41962891,,,-100,,,
1.010171,,Cancel,41937327,,,-300,,,
1.011663,,Cancel,41962895,,,-100,,,
1.011698,,Insert,41963043,0,B,100,81400,G,
1.011698,,Insert,41963047,0,B,100,81400,G,
1.011974,,Insert,41963075,0,A,100,82500,G,
1.012074,,Insert,41963091,0,A,100,82500,G,
1.012077,,Insert,41963095,0,A,100,82500,G,
1.012118,,Cancel,41962867,,,-100,,,
1.012125,,Cancel,41963091,,,-100,,,
1.012546,,Insert,41963119,0,A,300,83600,G,
1.012606,,Cancel,41963095,,,-100,,,
1.014108,,Insert,41963191,0,A,100,82500,G,
1.017409,,Insert,41963383,0,B,800,82300,G,
1.017561,,Cancel,41960815,,,-400,,,
1.017562,,Cancel,41963191,,,-100,,,
1.017565,,Cancel,41958575,,,-800,,,
1.017577,,Cancel,41958815,,,-100,,,
1.017603,,Insert,41963403,0,A,100,82500,G,
1.01762,,Insert,41963407,0,B,100,82000,G,
1.017639,,Insert,41963411,0,A,100,82500,G,
1.017674,,Insert,41963423,0,B,100,82300,G,
1.017694,,Cancel,41963411,,,-100,,,
1.017714,,Cancel,41963403,,,-100,,,
1.019824,,Insert,41963535,0,A,800,82500,G,
1.019831,,Insert,41963539,0,A,100,82500,G,
1.020059,,Cancel,41963423,,,-100,,,
1.020167,,Cancel,41959443,,,-100,,,
1.020176,,Insert,41963547,0,B,100,80900,G,
1.020229,,Insert,41963551,0,A,300,83600,G,
1.020492,,Insert,41963583,0,B,100,82300,G,
1.020758,,Cancel,41963539,,,-100,,,
1.020758,,Insert,41963607,0,A,100,82400,G,
1.020788,,Cancel,41963607,,,-100,,,
1.02083,,Insert,41963623,0,A,100,82400,G,
1.021371,,Cancel,41963623,,,-100,,,
1.024136,,Cancel,41963583,,,-100,,,
1.024206,,Cancel,41963535,,,-800,,,
1.02507,,Insert,41963863,0,B,100,81700,G,
1.028403,,Insert,41963983,0,A,800,82500,G,
1.029914,,Cancel,41963983,,,-800,,,
1.029921,,Insert,41964095,0,B,800,82400,G,
1.029923,,Insert,41964099,0,B,800,82000,G,
1.029923,,Insert,41964103,0,B,300,82400,G,
1.029947,,Cancel,41964099,,,-800,,,
1.029948,,Cancel,41963047,,,-100,,,
1.029972,,Cancel,41963043,,,-100,,,
1.031109,,Cancel,41963547,,,-100,,,
1.033112,,Cancel,41964095,,,-800,,,
1.050245,,Insert,41965067,0,A,100,84000,G,
1.056231,,Cancel,41960743,,,-300,,,
1.061141,,Cancel,41957471,,,-400,,,
1.061141,,Insert,41965219,0,B,400,82200,G,
1.063129,,Insert,41965299,0,A,100,82500,G,
1.067088,,Insert,41965383,0,A,800,82500,G,
1.071536,,Cancel,41965219,,,-400,,,
1.071536,,Insert,41965507,0,B,400,82100,G,
1.096803,,Insert,41966363,0,B,100,80900,G,
1.137338,,Cancel,41963075,,,-100,,,
1.137424,,Cancel,41964103,,,-300,,,
1.137456,,Insert,41968063,0,B,100,81400,G,
1.137458,,Insert,41968067,0,B,100,81400,G,
1.137626,,Cancel,41963383,,,-800,,,
1.137705,,Cancel,41963407,,,-100,,,
1.138135,,Insert,41968155,0,A,1000,84000,G,
1.143527,,Cancel,41956799,,,-300,,,
1.146353,,Cancel,41963863,,,-100,,,
1.149656,,Insert,41968563,0,B,1,40000,G,
1.159375,,Insert,41968847,0,A,800,82500,G,
1.167904,,Insert,41969363,0,A,400,82600,G,
1.177182,,Insert,41969991,0,B,100,82300,G,
1.177222,,Cancel,41969991,,,-100,,,
1.183686,,Insert,41970195,0,A,100,82400,G,
1.183715,,Cancel,41968847,,,-800,,,
1.183754,,Insert,41970207,0,A,100,82400,G,
1.191824,,Insert,41970415,0,A,800,82400,G,
1.191839,,Cancel,41966363,,,-100,,,
1.192087,,Insert,41970427,0,A,1000,84000,G,
1.192158,,Cancel,41965067,,,-100,,,
1.192161,,Insert,41970435,0,A,100,83900,G,
1.193854,,Cancel,41970415,,,-800,,,
1.194077,,Cancel,41970427,,,-1000,,,
1.194587,,Insert,41970515,0,A,800,82400,G,
1.194863,,Insert,41970527,0,A,1000,84000,G,
1.197576,,Cancel,41970195,,,-100,,,
1.201695,,Cancel,7047743,,,-1000,,,
1.201695,,Cancel,7047744,,,-1000,,,
1.201695,,Insert,7047745,1,A,1000,82900,G,
1.201695,,Insert,7047746,1,B,1000,81800,G,
1.2053,,Cancel,41970515,,,-800,,,
1.205337,,Cancel,41970207,,,-100,,,
1.205631,,Cancel,41970527,,,-1000,,,
1.205825,,Insert,41971259,0,A,100,82400,G,
1.205873,,Insert,41971263,0,A,100,82400,G,
1.216804,,Insert,41971807,0,B,100,80800,G,
1.217841,,Insert,41971827,0,A,800,82400,G,
1.218112,,Insert,41971835,0,A,1000,84000,G,
1.241652,,Insert,41972895,0,B,300,81300,G,
1.25409,,Cancel,41971807,,,-100,,,
1.254281,,Cancel,41965507,,,-400,,,
1.254281,,Insert,41974095,0,B,400,82000,G,
1.254284,,Cancel,41955943,,,-300,,,
1.254448,,Cancel,41956387,,,-100,,,
1.254545,,Cancel,41972895,,,-300,,,
1.255439,,Cancel,41955747,,,-100,,,
1.255452,,Cancel,41924079,,,-800,,,
1.255453,,Cancel,41938719,,,-200,,,
1.255716,,Cancel,41969363,,,-400,,,
1.255989,,Insert,41974387,0,A,100,82400,G,
1.255995,,Insert,41974391,0,A,100,82400,G,
1.256049,,Insert,41974395,0,A,100,82300,G,
1.256079,,Cancel,41974391,,,-100,,,
1.256084,,Insert,41974399,0,A,300,82500,G,
1.256084,,Insert,41974403,0,A,100,82300,G,
1.256113,,Insert,41974411,0,A,200,82300,G,
1.256114,,Cancel,41971263,,,-100,,,
1.256124,,Insert,41974415,0,A,11,82400,G,
1.256408,,Cancel,41974415,,,-11,,,
1.257271,,Insert,41974579,0,A,300,83500,G,
1.257664,,Insert,41974595,0,A,300,83500,G,
1.259261,,Cancel,41974395,,,-100,,,
1.261899,,Cancel,41974387,,,-100,,,
1.264106,,Insert,41974847,0,A,100,82300,G,
1.26489,,Insert,41974887,0,A,800,82300,G,
1.265053,,Cancel,41974095,,,-400,,,
1.265053,,Insert,41974903,0,B,400,81900,G,
1.265147,,Cancel,41974411,,,-200,,,
1.266,TraderOne,Cancel,4,,,-10,,,
1.266,TraderOne,Insert,5,1,A,10,82400,G,
1.26887,,Cancel,41974887,,,-800,,,
1.268905,,Insert,41975059,0,A,100,82300,G,
1.269181,,Insert,41975063,0,A,100,82300,G,
1.269474,,Cancel,41975059,,,-100,,,
1.269587,,Cancel,41974847,,,-100,,,
1.269612,,Cancel,41974403,,,-100,,,
1.270573,,Cancel,41975063,,,-100,,,
1.270607,,Insert,41975107,0,A,100,82400,G,
1.270876,,Insert,41975119,0,A,100,82400,G,
1.270959,,Insert,41975127,0,A,100,82400,G,
1.27107,,Insert,41975135,0,B,100,82200,G,
1.275618,,Insert,41975227,0,B,100,80700,G,
1.276093,,Cancel,41902587,,,-100,,,
1.30421,,Cancel,41970435,,,-100,,,
1.307381,,Insert,41975971,0,B,800,82200,G,
1.307479,,Cancel,41975227,,,-100,,,
1.307483,,Insert,41975979,0,B,100,80800,G,
1.307751,,Insert,41976007,0,B,100,82200,G,
1.307839,,Insert,41976019,0,B,100,81900,G,
1.328411,,Insert,41976791,0,A,100,83900,G,
1.332368,,Cancel,41975979,,,-100,,,
1.332368,,Cancel,41975971,,,-800,,,
1.332376,,Cancel,41976007,,,-100,,,
1.332396,,Insert,41976907,0,A,100,82300,G,
1.332404,,Cancel,41975119,,,-100,,,
1.332432,,Cancel,41975107,,,-100,,,
1.332554,,Cancel,41976019,,,-100,,,
1.332798,,Insert,41976943,0,A,100,82300,G,
1.332802,,Insert,41976947,0,A,100,82300,G,
1.332924,,Insert,41976955,0,A,100,82300,G,
1.333034,,Insert,41976975,0,A,800,82300,G,
1.333074,,Insert,41976991,0,A,100,82800,G,
1.333075,,Insert,41976995,0,A,400,82500,G,
1.333153,,Cancel,41975135,,,-100,,,
1.353798,,Insert,41977951,0,B,100,80700,G,
1.355634,,Insert,41977983,0,A,100,82300,G,
1.355641,,Insert,41977987,0,A,19,82300,G,
1.35569,,Cancel,41977983,,,-100,,,
1.36118,,Insert,41978195,0,B,100,82200,G,
1.361211,,Insert,41978199,0,B,300,81800,G,
1.368849,,Cancel,41976955,,,-100,,,
1.369775,,Cancel,41977987,,,-19,,,
1.380639,,Cancel,41977951,,,-100,,,
1.380726,,Cancel,41978195,,,-100,,,
1.380856,,Insert,41979295,0,A,100,82300,G,
1.382569,,Insert,41979367,0,B,100,82200,G,
1.383706,,Cancel,41979295,,,-100,,,
1.403674,,Cancel,41976907,,,-100,,,
1.403723,,Insert,41979963,0,B,100,80700,G,
1.404295,,Cancel,41974579,,,-300,,,
1.404731,,Cancel,41974595,,,-300,,,
1.411314,,Cancel,41976975,,,-800,,,
1.411349,,Insert,41980295,0,A,100,82300,G,
1.411376,,Insert,41980299,0,A,100,82300,G,
1.41139,,Cancel,41976947,,,-100,,,
1.411395,,Cancel,41976943,,,-100,,,
1.411413,,Cancel,41980299,,,-100,,,
1.411493,,Cancel,41974903,,,-400,,,
1.411493,,Insert,41980311,0,B,400,82000,G,
1.411751,,Insert,41980355,0,B,800,82200,G,
1.411781,,Cancel,41979963,,,-100,,,
1.411784,,Insert,41980359,0,B,100,80800,G,
1.411803,,Insert,41980367,0,B,100,81900,G,
1.411972,,Insert,41980387,0,B,100,82200,G,
1.411989,,Insert,41980391,0,B,100,82200,G,
1.412018,,Insert,1367872,0,B,100,82300,F,
1.412038,,Insert,41980399,0,B,100,82200,G,
1.412045,,Insert,41980403,0,B,46,82200,G,
1.412051,,Insert,41980407,0,B,100,82300,G,
1.412057,,Insert,41980415,0,B,200,82300,G,
1.412064,,Insert,41980419,0,B,100,82300,G,
1.412065,,Cancel,41980399,,,-100,,,
1.412065,,Insert,41980423,0,B,100,82300,G,
1.412068,,Insert,41980427,0,B,100,82200,G,
1.412122,,Cancel,41975127,,,-100,,,
1.412157,,Cancel,41980419,,,-100,,,
1.412486,,Cancel,41980387,,,-100,,,
1.417222,,Cancel,41971827,,,-800,,,
1.417225,,Cancel,41976995,,,-400,,,
1.417235,,Cancel,41974399,,,-300,,,
1.417239,,Cancel,41976791,,,-100,,,
1.417261,,Insert,41980719,0,A,100,82400,G,
1.417515,,Cancel,41971259,,,-100,,,
1.417575,,Insert,41980747,0,A,800,82400,G,
1.417577,,Insert,41980751,0,A,100,82400,G,
1.417579,,Insert,41980755,0,A,100,82400,G,
1.417585,,Cancel,41980359,,,-100,,,
1.417707,,Cancel,41980747,,,-800,,,
1.417732,,Cancel,41980755,,,-100,,,
1.417813,,Insert,41980799,0,A,100,82400,G,
1.420218,,Cancel,41980751,,,-100,,,
1.422381,,Cancel,41971835,,,-1000,,,
1.423678,,Insert,41980963,0,A,800,82400,G,
1.426739,,Cancel,41980391,,,-100,,,
1.434659,,Cancel,41980311,,,-400,,,
1.434659,,Insert,41981223,0,B,400,82100,G,
1.439421,,Cancel,41980719,,,-100,,,
1.439464,,Insert,41981315,0,B,100,80800,G,
1.439809,,Insert,1367887,0,B,2,82400,F,
1.439874,,Insert,1367888,0,B,2,82400,F,
1.440047,,Insert,1367892,0,B,2,82400,F,
1.442045,,Cancel,41980403,,,-46,,,
1.447226,,Insert,41981779,0,A,1000,84000,G,
1.456801,,Insert,41981935,0,A,100,83900,G,
1.464556,,Cancel,41980799,,,-94,,,
1.464567,,Cancel,41980963,,,-800,,,
1.464831,,Cancel,41981779,,,-1000,,,
1.464871,,Insert,41982207,0,B,100,82300,G,
1.465221,,Insert,41982223,0,B,100,82300,G,
1.470429,,Insert,41982395,0,B,100,82400,G,
1.470461,,Cancel,41978199,,,-300,,,
1.470462,,Insert,41982399,0,B,300,82200,G,
1.470487,,Cancel,41968063,,,-100,,,
1.47049,,Cancel,41968067,,,-100,,,
1.471206,,Insert,41982427,0,B,800,82300,G,
1.471319,,Cancel,41981935,,,-100,,,
1.471354,,Cancel,41934527,,,-81,,,
1.4715,,Insert,41982619,0,B,100,80900,G,
1.471509,,Cancel,41981315,,,-100,,,
1.47177,,Insert,41982719,0,B,300,81300,G,
1.472312,,Insert,41982871,0,B,300,81300,G,
1.472443,,Cancel,41965299,,,-100,,,
1.472467,,Cancel,41965383,,,-800,,,
1.472485,,Insert,41982895,0,B,100,82400,G,
1.472501,,Cancel,41982207,,,-100,,,
1.472534,,Insert,41982927,0,B,100,82400,G,
1.472671,,Cancel,41937111,,,-100,,,
1.472854,,Insert,41982999,0,A,100,82500,G,
1.472882,,Insert,41983003,0,A,300,82900,G,
1.472889,,Insert,41983007,0,A,100,82500,G,
1.47291,,Insert,41983015,0,A,100,82500,G,
1.472967,,Cancel,41968155,,,-1000,,,
1.48072,,Insert,41983451,0,B,800,82400,G,
1.480737,,Cancel,41983015,,,-100,,,
1.480836,,Cancel,41982999,,,-100,,,
1.480887,,Insert,41983463,0,B,100,82100,G,
1.4809,,Cancel,41981223,,,-400,,,
1.481738,,Cancel,41983007,,,-100,,,
1.497751,,Cancel,7047745,,,-1000,,,
1.497751,,Cancel,7047746,,,-1000,,,
1.497751,,Insert,7047747,1,A,1000,83000,G,
1.497751,,Insert,7047748,1,B,1000,81900,G,
1.516808,,Insert,41984823,0,A,100,84000,G,
1.520677,,Cancel,41982619,,,-100,,,
1.520754,,Cancel,41983463,,,-100,,,
1.520914,,Cancel,41982895,,,-100,,,
1.52132,,Insert,41985035,0,A,100,82500,G,
1.521328,,Cancel,41983451,,,-800,,,
1.528846,,Insert,41985347,0,A,100,82500,G,
1.535362,,Insert,41985535,0,A,400,82700,G,
1.542212,,Insert,41985651,0,A,800,82500,G,
1.542367,,Cancel,41982395,,,-100,,,
1.542477,,Cancel,41985347,,,-100,,,
1.548872,,Cancel,41985651,,,-800,,,
1.5489,,Insert,41985787,0,A,100,82500,G,
1.548914,,Insert,41985791,0,B,100,80800,G,
1.55059,,Insert,41985839,0,A,100,82500,G,
1.565829,,Insert,5004716,1,B,85,84000,G,
1.565829,TraderOne,Trade,5,1,A,10,82400,,-82
1.577703,,Insert,41986471,0,A,800,82500,G,
1.577937,,Cancel,41985839,,,-100,,,
1.577959,,Cancel,41985791,,,-100,,,
1.577987,,Insert,41986479,0,A,100,83900,G,
1.577992,,Cancel,41984823,,,-100,,,
1.578088,,Cancel,41985535,,,-400,,,
1.578175,,Insert,41986491,0,A,100,82500,G,
1.57823,,Cancel,41986491,,,-100,,,
1.578285,,Cancel,41982927,,,-100,,,
1.578344,,Insert,41986503,0,B,100,81400,G,
1.578347,,Insert,41986507,0,B,100,81400,G,
1.578544,,Cancel,41982427,,,-800,,,
1.578682,,Insert,41986543,0,A,100,82500,G,
1.578693,,Insert,41986547,0,A,1000,84000,G,
1.578753,,Insert,41986551,0,B,100,82300,G,
1.578761,,Cancel,41986543,,,-100,,,
1.606803,,Insert,41987147,0,B,100,80800,G,
1.622838,,Cancel,41986547,,,-1000,,,
1.622883,,Insert,41987515,0,B,100,82000,G,
1.624042,,Cancel,41986551,,,-100,,,
1.639079,,Insert,41988111,0,B,400,82100,G,
1.658183,,Insert,41988407,0,B,100,82400,G,
1.658219,,Cancel,41986503,,,-100,,,
1.658401,,Cancel,41986507,,,-100,,,
1.6668,,Cancel,41987147,,,-100,,,
1.666805,,Insert,41988563,0,B,100,80900,G,
1.666833,,Cancel,41987515,,,-100,,,
1.667338,,Cancel,41982871,,,-300,,,
1.676233,,Cancel,41988407,,,-100,,,
1.676277,,Insert,41988823,0,B,100,81400,G,
1.676278,,Insert,41988827,0,B,100,81400,G,
1.676432,,Insert,41988835,0,B,100,82400,G,
1.67647,,Cancel,41988823,,,-100,,,
1.676471,,Cancel,41988827,,,-100,,,
1.676897,,Cancel,41988835,,,-100,,,
1.676924,,Insert,41988871,0,B,100,81400,G,
1.681734,,Insert,41989003,0,B,100,82400,G,
1.681766,,Cancel,41988871,,,-100,,,
1.68184,,Insert,41989007,0,B,800,82300,G,
1.68194,,Cancel,41986479,,,-100,,,
1.681992,,Cancel,41986471,,,-800,,,
1.682353,,Cancel,41985787,,,-100,,,
1.682558,,Insert,41989039,0,A,100,82500,G,
1.684416,,Insert,41989115,0,A,800,82500,G,
1.684455,,Cancel,41989039,,,-100,,,
1.687116,,Insert,41989263,0,A,400,82600,G,
1.703396,,Insert,5004717,1,A,3,82100,F,
1.703396,TraderOne,Trade,3,1,B,3,82300,,-25
1.715871,,Insert,41990075,0,A,100,84000,G,
1.716097,,Cancel,41989115,,,-800,,,
1.716414,,Cancel,41989263,,,-400,,,
1.716441,,Cancel,41989003,,,-100,,,
1.716461,,Insert,41990143,0,A,100,82500,G,
1.716477,,Insert,41990147,0,B,100,81400,G,
1.716498,,Insert,41990155,0,B,100,81400,G,
1.71701,,Insert,41990227,0,B,100,82400,G,
1.717036,,Cancel,41990155,,,-100,,,
1.717098,,Cancel,41990147,,,-100,,,
1.717152,,Cancel,41990075,,,-100,,,
1.727897,,Cancel,41990227,,,-100,,,
1.727927,,Insert,41991087,0,B,100,81400,G,
1.738885,,Insert,41991355,0,A,800,82500,G,
1.738927,,Insert,41991359,0,A,100,84100,G,
1.748358,,Insert,41991891,0,B,300,81300,G,
1.751842,,Insert,41992231,0,B,100,82400,G,
1.751909,,Cancel,41991087,,,-100,,,
1.753979,,Cancel,41988563,,,-100,,,
1.754651,,Insert,41992387,0,A,1000,84000,G,
1.757577,,Cancel,41963551,,,-300,,,
1.757804,,Cancel,41963119,,,-300,,,
1.758072,,Cancel,41992387,,,-1000,,,
1.760031,,Cancel,41991355,,,-800,,,
1.760331,,Insert,41992927,0,B,100,82400,G,
1.760734,,Cancel,41985035,,,-100,,,
1.762476,,Cancel,41988111,,,-400,,,
1.762476,,Insert,41993099,0,B,400,82200,G,
1.766,TraderOne,Cancel,3,,,-7,,,
1.769815,,Insert,41993331,0,B,800,82400,G,
1.769818,,Cancel,41990143,,,-100,,,
1.770025,,Insert,41993347,0,B,100,82400,G,
1.770132,,Cancel,41991359,,,-100,,,
1.770198,,Cancel,41937087,,,-300,,,
1.770558,,Insert,41993387,0,B,300,82400,G,
1.770558,,Cancel,41915127,,,-300,,,
1.770577,,Insert,41993391,0,B,100,82400,G,
1.771118,,Cancel,41904283,,,-800,,,
1.771139,,Insert,41993447,0,B,100,82400,G,
1.771159,,Insert,41993467,0,B,19,82400,G,
1.771161,,Insert,41993475,0,B,100,82400,G,
1.77119,,Insert,41993479,0,B,200,82500,G,
1.771201,,Cancel,41993347,,,-100,,,
1.771201,,Insert,41993487,0,B,100,82500,G,
1.771201,,Cancel,41993475,,,-100,,,
1.771201,,Insert,41993491,0,B,100,82500,G,
1.771217,,Cancel,41904111,,,-100,,,
1.771228,,Cancel,41904195,,,-100,,,
1.77125,,Cancel,41993491,,,-100,,,
1.77125,,Insert,41993511,0,B,100,82100,G,
1.771256,,Cancel,41993487,,,-100,,,
1.771283,,Insert,41993519,0,B,10,82400,G,
1.771305,,Insert,41993527,0,B,100,82500,G,
1.771317,,Cancel,41992927,,,-100,,,
1.771351,,Insert,41993539,0,B,100,82500,G,
1.771446,,Cancel,41993519,,,-10,,,
1.771571,,Cancel,41993467,,,-19,,,
1.771606,,Insert,41993571,0,B,100,82500,G,
1.77181,,Insert,41993575,0,A,100,82700,G,
1.774888,,Insert,41993991,0,A,100,82600,G,
1.774919,,Insert,41993999,0,A,300,83100,G,
1.774923,,Cancel,41993575,,,-100,,,
1.774931,,Insert,41994003,0,B,100,81000,G,
1.779442,,Insert,41994375,0,B,800,82500,G,
1.779448,,Cancel,41993991,,,-100,,,
1.779538,,Cancel,41896335,,,-800,,,
1.779563,,Cancel,41993099,,,-400,,,
1.78,,Insert,41994451,0,A,200,82700,G,
1.785898,,Insert,41994727,0,A,800,82700,G,
1.786158,,Cancel,41994451,,,-200,,,
1.788887,,Cancel,41994727,,,-800,,,
1.788923,,Insert,41994851,0,A,100,82700,G,
1.791575,,Insert,41994887,0,A,100,82700,G,
1.792137,,Cancel,41994851,,,-100,,,
1.793273,,Cancel,7047747,,,-925,,,
1.793273,,Cancel,7047748,,,-1000,,,
1.793273,,Insert,7047749,1,A,1000,83100,G,
1.793273,,Insert,7047750,1,B,1000,82100,G,
1.800994,,Cancel,41993447,,,-100,,,
1.813191,,Insert,41995335,0,A,100,82700,G,
1.813233,,Insert,41995339,0,A,100,84200,G,
1.819565,,Cancel,41995335,,,-100,,,
1.876074,,Cancel,41993527,,,-100,,,
1.881541,,Insert,41996363,0,A,800,82700,G,
1.881762,,Cancel,41994887,,,-100,,,
1.894549,,Insert,41996819,0,A,400,82900,G,
1.895521,,Insert,41996835,0,A,100,82600,G,
1.903713,,Cancel,41995339,,,-100,,,
1.903725,,Insert,41996971,0,A,100,84100,G,
1.903823,,Cancel,41994375,,,-800,,,
1.903826,,Cancel,41994003,,,-100,,,
1.903892,,Cancel,41993511,,,-100,,,
1.903918,,Cancel,41996819,,,-400,,,
1.904379,,Cancel,41996835,,,-100,,,
1.9045,,Insert,41997007,0,B,100,82500,G,
1.904669,,Insert,41997015,0,A,100,82700,G,
1.90476,,Cancel,41997007,,,-100,,,
1.904799,,Insert,41997031,0,B,100,82500,G,
1.906313,,Insert,41997083,0,B,100,82600,G,
1.906561,,Cancel,41896283,,,-100,,,
1.906562,,Cancel,41997015,,,-100,,,
1.906985,,Insert,41997163,0,B,300,81400,G,
1.90739,,Insert,41997223,0,B,300,81400,G,
1.908249,,Insert,41997319,0,B,200,82600,G,
1.908249,,Cancel,41997031,,,-100,,,
1.908608,,Insert,41997359,0,B,100,82600,G,
1.908627,,Insert,41997367,0,B,11,82600,G,
1.908647,,Insert,1368307,0,B,415,82700,F,
1.908665,,Cancel,41997359,,,-100,,,
1.908696,,Insert,1368308,0,B,300,82700,F,
1.908719,,Insert,41997395,0,B,100,82600,G,
1.908734,,Insert,1368309,0,B,4,82700,F,
1.90874,,Insert,41997403,0,B,100,82600,G,
1.908767,,Insert,41997411,0,B,100,82600,G,
1.908791,,Cancel,41997403,,,-100,,,
1.90895,,Insert,41997415,0,B,200,82600,G,
1.908957,,Insert,41997423,0,B,19,82600,G,
1.908966,,Insert,41997427,0,B,100,82600,G,
1.909006,,Cancel,41997427,,,-100,,,
1.909044,,Insert,1368315,0,B,81,82700,F,
1.909046,,Cancel,41997415,,,-200,,,
1.909046,,Insert,41997443,0,B,100,82600,G,
1.909067,,Insert,41997447,0,B,100,82600,G,
1.909075,,Insert,41997451,0,B,46,82600,G,
1.909082,,Insert,41997455,0,B,100,82600,G,
1.9091,,Cancel,41997455,,,-100,,,
1.90916,,Insert,41997479,0,B,22,82600,G,
1.90917,,Cancel,41976991,,,-100,,,
1.909177,,Insert,41997487,0,B,100,82600,G,
1.9092,,Insert,41997495,0,B,200,82700,G,
1.9092,,Insert,41997499,0,B,100,82700,G,
1.909209,,Insert,41997503,0,A,100,82800,G,
1.909215,,Cancel,41997443,,,-100,,,
1.909215,,Insert,41997507,0,B,100,82700,G,
1.909215,,Cancel,41997447,,,-100,,,
1.909215,,Insert,41997511,0,B,100,82700,G,
1.909215,,Cancel,41997487,,,-100,,,
1.909215,,Insert,41997515,0,B,100,82700,G,
1.90939,,Insert,41997535,0,B,100,82700,G,
1.90946,,Cancel,41997511,,,-100,,,
1.909766,,Cancel,41997423,,,-19,,,
1.910236,,Cancel,41997515,,,-100,,,
1.911668,,Cancel,41997503,,,-100,,,
1.912336,,Cancel,41997507,,,-100,,,
1.914543,,Insert,41998143,0,B,800,82500,G,
1.914756,,Insert,41998171,0,B,400,82300,G,
1.914762,,Cancel,41996971,,,-100,,,
1.916584,,Cancel,41998171,,,-400,,,
1.916591,,Insert,41998231,0,B,800,82600,G,
1.91666,,Cancel,41896307,,,-800,,,
1.916699,,Insert,41998263,0,A,100,82900,G,
1.916913,,Cancel,41997319,,,-200,,,
1.916916,,Insert,41998271,0,B,100,82700,G,
1.917212,,Cancel,41983003,,,-300,,,
1.917237,,Insert,41998327,0,A,100,82900,G,
1.91761,,Insert,41998415,0,B,100,82700,G,
1.918192,,Insert,41998475,0,B,400,82500,G,
1.9182,,Insert,41998483,0,B,800,82700,G,
1.918474,,Insert,41998579,0,B,800,82000,G,
1.918644,,Insert,41998643,0,B,100,82700,G,
1.919102,,Cancel,41998415,,,-100,,,
1.919118,,Cancel,41998579,,,-800,,,
1.919122,,Cancel,41998643,,,-100,,,
1.920059,,Cancel,41998263,,,-100,,,
1.921014,,Insert,41998875,0,A,800,82900,G,
1.9213,,Cancel,41998483,,,-800,,,
1.921386,,Insert,41998895,0,A,300,84200,G,
1.922986,,Insert,41999007,0,A,300,84200,G,
1.925993,,Insert,41999163,0,B,300,81500,G,
1.928257,,Insert,41999267,0,A,800,83200,G,
1.928366,,Insert,41999271,0,A,800,83100,G,
1.928464,,Insert,41999275,0,A,800,83000,G,
1.928879,,Cancel,41997367,,,-11,,,
1.929257,,Insert,41999323,0,A,800,82900,G,
1.929292,,Insert,41999327,0,B,100,81100,G,
1.92951,,Cancel,41998475,,,-400,,,
1.92951,,Insert,41999339,0,B,400,82400,G,
1.929634,,Cancel,41997479,,,-22,,,
1.9368,,Insert,41999503,0,A,100,84300,G,
1.937608,,Insert,41999515,0,A,100,83400,G,
1.939072,,Cancel,41997451,,,-46,,,
1.943906,,Insert,41999687,0,A,100,82800,G,
1.943933,,Cancel,41998875,,,-800,,,
1.943937,,Insert,41999691,0,A,300,83300,G,
1.943937,,Cancel,41999323,,,-800,,,
1.946146,,Cancel,41997411,,,-100,,,
1.949545,,Insert,42000035,0,A,100,82800,G,
1.949551,,Cancel,41997535,,,-100,,,
1.949575,,Cancel,41997499,,,-100,,,
1.952461,,Cancel,41999503,,,-100,,,
1.952467,,Insert,42000175,0,A,100,84200,G,
1.952859,,Cancel,41998271,,,-100,,,
1.95286,,Insert,42000199,0,A,100,82800,G,
1.952885,,Cancel,41997495,,,-200,,,
1.953001,,Insert,42000211,0,B,100,81700,G,
1.953005,,Insert,42000215,0,B,100,81700,G,
1.957112,,Cancel,42000175,,,-100,,,
1.95718,,Cancel,41999327,,,-100,,,
1.958238,,Insert,42000639,0,B,100,82700,G,
1.958264,,Cancel,42000211,,,-100,,,
1.958437,,Cancel,42000215,,,-100,,,
1.960821,,Cancel,41999687,,,-100,,,
1.960858,,Cancel,42000199,,,-100,,,
1.960868,,Cancel,42000035,,,-100,,,
1.960906,,Insert,42001111,0,A,100,82900,G,
1.960936,,Insert,42001115,0,A,200,82800,G,
1.962574,,Insert,5004718,1,A,49,83800,G,
1.963164,,Insert,42001299,0,B,200,82700,G,
1.963189,,Cancel,42001115,,,-200,,,
1.963309,,Cancel,41998231,,,-800,,,
1.963319,,Insert,42001307,0,A,800,82900,G,
1.96332,,Insert,42001311,0,A,800,82900,G,
1.963325,,Insert,42001315,0,A,100,82800,G,
1.963354,,Insert,42001319,0,A,800,82800,G,
1.963365,,Cancel,42001311,,,-800,,,
1.964398,,Insert,42001511,0,B,300,81500,G,
1.969093,,Cancel,42001319,,,-800,,,
1.969094,,Cancel,42001307,,,-800,,,
1.969393,,Insert,42002191,0,B,800,82600,G,
1.969444,,Cancel,42001315,,,-100,,,
1.970391,,Cancel,42001111,,,-100,,,
1.971039,,Insert,42002347,0,A,100,82800,G,
1.971666,,Cancel,41999339,,,-400,,,
1.971673,,Cancel,42002347,,,-100,,,
1.976048,,Insert,42003463,0,A,800,82900,G,
1.97605,,Insert,42003467,0,A,800,82900,G,
1.976078,,Insert,42003479,0,A,200,82800,G,
1.976108,,Cancel,42003463,,,-800,,,
1.976108,,Cancel,42003467,,,-800,,,
1.982938,,Cancel,42002191,,,-800,,,
1.983639,,Cancel,42003479,,,-200,,,
1.983669,,Insert,42005327,0,A,100,82800,G,
1.983682,,Insert,42005335,0,A,100,82900,G,
1.983816,,Insert,42005379,0,A,100,82800,G,
1.983862,,Insert,42005399,0,A,100,82800,G,
1.983973,,Cancel,42005399,,,-100,,,
1.984053,,Insert,42005443,0,A,100,82800,G,
1.984067,,Cancel,42005379,,,-100,,,
1.984129,,Cancel,42005443,,,-100,,,
1.984288,,Insert,42005511,0,A,100,84300,G,
1.985454,,Insert,42005715,0,A,100,82800,G,
1.98548,,Insert,42005727,0,A,100,82800,G,
1.986282,,Cancel,42005715,,,-100,,,
1.993779,,Cancel,42005727,,,-100,,,
1.994917,,Cancel,42005327,,,-100,,,
1.995977,,Cancel,42005335,,,-100,,,
1.996154,,Insert,42007139,0,B,100,82700,G,
1.997527,,Cancel,42007139,,,-100,,,
1.99873,,Insert,42007619,0,B,4,82200,G,
2.005526,,Insert,42009515,0,B,800,82600,G,
2.005609,,Insert,42009551,0,B,100,80900,G,
2.005653,,Insert,42009563,0,B,800,82700,G,
2.005821,,Insert,42009587,0,B,100,82800,G,
2.005826,,Insert,42009591,0,B,200,82800,G,
2.005836,,Insert,42009595,0,A,100,82900,G,
2.005851,,Cancel,42001299,,,-200,,,
2.005853,,Insert,42009599,0,B,300,82600,G,
2.005856,,Insert,42009607,0,B,100,82800,G,
2.005866,,Cancel,41982399,,,-300,,,
2.005926,,Cancel,42009607,,,-100,,,
2.005979,,Insert,42009639,0,A,200,82900,G,
2.006002,,Cancel,42009587,,,-100,,,
2.006199,,Cancel,42005511,,,-100,,,
2.008732,,Cancel,42009595,,,-100,,,
2.016,TraderOne,Insert,8,1,B,10,82700,G,
2.026801,,Cancel,42009551,,,-100,,,
2.026808,,Insert,42012415,0,B,100,81000,G,
2.026815,,Insert,42012419,0,A,100,84400,G,
2.030602,,Cancel,42009639,,,-200,,,
2.053454,,Insert,42014231,0,A,100,82900,G,
2.053499,,Cancel,42012419,,,-100,,,
2.053504,,Cancel,41998327,,,-100,,,
2.05419,,Insert,42014303,0,B,100,82800,G,
2.054217,,Insert,42014315,0,B,100,82800,G,
2.054835,,Cancel,42014231,,,-100,,,
2.056416,,Insert,42014635,0,A,300,84300,G,
2.05669,,Insert,42014647,0,A,100,83000,G,
2.057058,,Insert,42014679,0,A,300,84300,G,
2.072602,,Cancel,42012415,,,-100,,,
2.072603,,Insert,42015303,0,B,100,81100,G,
2.072979,,Insert,42015339,0,B,800,82800,G,
2.07323,,Cancel,42014303,,,-100,,,
2.077248,,Insert,42015575,0,B,400,82700,G,
2.077287,,Cancel,42015575,,,-400,,,
2.077287,,Insert,42015579,0,B,400,82600,G,
2.077674,,Cancel,42014647,,,-100,,,
2.082103,,Cancel,42015339,,,-800,,,
2.082204,,Insert,42015775,0,A,100,84400,G,
2.089748,,Insert,42016123,0,B,19,82800,G,
2.089763,,Insert,42016127,0,B,100,82900,G,
2.089766,,Insert,42016131,0,A,100,83000,G,
2.090167,,Insert,42016171,0,B,100,82300,G,
2.099591,,Cancel,42016123,,,-19,,,
2.099605,,Cancel,42016127,,,-100,,,
2.099608,,Cancel,42016131,,,-100,,,
2.099617,,Insert,42016703,0,A,400,83100,G,
2.099698,,Insert,42016711,0,B,100,82800,G,
2.099769,,Insert,42016723,0,A,100,83000,G,
2.099822,,Cancel,7047749,,,-1000,,,
2.099822,,Cancel,7047750,,,-1000,,,
2.099822,,Insert,7047751,1,A,1000,83400,G,
2.099822,,Insert,7047752,1,B,1000,82400,G,
2.100038,,Insert,42016755,0,B,100,82800,G,
2.104933,,Insert,42016883,0,B,200,82100,G,
2.105129,,Cancel,42016883,,,-200,,,
2.117982,,Insert,42017759,0,A,100,82900,G,
2.117993,,Insert,42017763,0,A,10,82900,G,
2.117995,,Insert,42017767,0,A,100,83000,G,
2.117997,,Insert,42017771,0,A,100,83000,G,
2.11801,,Cancel,42016755,,,-100,,,
2.118024,,Insert,42017775,0,A,100,83300,G,
2.118098,,Insert,42017791,0,A,100,82900,G,
2.118123,,Cancel,42017763,,,-10,,,
2.11831,,Cancel,42017775,,,-100,,,
2.11832,,Insert,42017799,0,A,100,82900,G,
2.119241,,Cancel,42017771,,,-100,,,
2.126304,,Cancel,42015579,,,-400,,,
2.126304,,Insert,42018907,0,B,400,82500,G,
2.126639,,Cancel,42016711,,,-100,,,
2.142251,,Cancel,42014315,,,-100,,,
2.142556,,Insert,42019875,0,A,100,82900,G,
2.143388,,Cancel,42009591,,,-200,,,
2.143421,,Insert,42019911,0,B,100,81800,G,
2.143422,,Cancel,42019875,,,-100,,,
2.144429,,Insert,42019947,0,B,100,82700,G,
2.144456,,Insert,42019951,0,B,200,82800,G,
2.144484,,Cancel,42019911,,,-100,,,
2.171894,,Cancel,42017767,,,-100,,,
2.183,,Insert,42022211,0,A,800,82900,G,
2.183113,,Cancel,42009563,,,-800,,,
2.183194,,Cancel,42015775,,,-100,,,
2.183203,,Insert,42022235,0,A,100,84300,G,
2.183266,,Cancel,42019951,,,-200,,,
2.183336,,Insert,42022247,0,B,100,81800,G,
2.183337,,Insert,42022251,0,B,100,81800,G,
2.187895,,Cancel,42016703,,,-400,,,
2.187937,,Insert,42022415,0,B,200,82700,G,
2.19612,,Insert,42022671,0,A,800,82900,G,
2.218848,,Insert,5004719,1,B,27,82900,G,
2.221084,,Insert,42024075,0,A,100,82800,G,
2.221111,,Cancel,42022211,,,-800,,,
2.221111,,Cancel,42022671,,,-800,,,
2.221172,,Cancel,42024075,,,-100,,,
2.234344,,Insert,42024735,0,A,100,82800,G,
2.23536,,Cancel,42024735,,,-100,,,
2.25,TraderOne,Cancel,8,,,-10,,,
2.25,TraderOne,Insert,10,1,B,10,82800,G,
2.263805,,Insert,42025371,0,A,100,82800,G,
2.278684,,Cancel,42025371,,,-100,,,
2.278949,,Insert,42025703,0,A,100,82900,G,
2.278965,,Insert,42025711,0,A,800,82900,G,
2.27897,,Insert,42025715,0,A,800,82900,G,
2.279098,,Insert,42025747,0,A,100,82800,G,
2.279124,,Cancel,42025711,,,-800,,,
2.279128,,Cancel,42025715,,,-800,,,
2.279164,,Cancel,42025703,,,-100,,,
2.279243,,Cancel,42025747,,,-100,,,
2.279251,,Cancel,42018907,,,-400,,,
2.279251,,Insert,42025779,0,B,400,82400,G,
2.279284,,Insert,42025787,0,A,100,82900,G,
2.279299,,Cancel,42009599,,,-300,,,
2.279338,,Cancel,42022415,,,-200,,,
2.279358,,Insert,42025799,0,A,100,82800,G,
2.279441,,Cancel,42025799,,,-100,,,
2.279479,,Insert,42025819,0,B,100,82700,G,
2.28273,,Insert,42025919,0,A,100,82800,G,
2.283054,,Cancel,42025919,,,-100,,,
2.286985,,Cancel,42025787,,,-100,,,
2.287962,,Insert,42026007,0,B,200,82800,G,
2.287989,,Cancel,42022251,,,-100,,,
2.287989,,Cancel,42022247,,,-100,,,
2.287997,,Insert,42026011,0,B,300,82600,G,
2.288326,,Cancel,42025779,,,-400,,,
2.28842,,Cancel,42022235,,,-100,,,
2.288456,,Insert,42026043,0,B,800,82700,G,
2.2968,,Cancel,42015303,,,-100,,,
2.296806,,Insert,42026287,0,B,100,81200,G,
2.299938,,Insert,42026351,0,A,400,83100,G,
2.321641,,Insert,42027307,0,A,100,84400,G,
2.3226,,Cancel,41993999,,,-300,,,
2.322887,,Cancel,42027307,,,-100,,,
2.32289,,Cancel,42017799,,,-100,,,
2.322968,,Cancel,42017791,,,-100,,,
2.323061,,Cancel,42026287,,,-100,,,
2.323062,,Insert,42027463,0,B,100,81300,G,
2.323141,,Insert,42027515,0,B,400,82600,G,
2.323422,,Cancel,42017759,,,-100,,,
2.323468,,Cancel,42025819,,,-100,,,
2.323469,,Insert,42027595,0,B,200,82800,G,
2.32372,,Insert,42027659,0,A,100,82900,G,
2.323748,,Insert,42027671,0,A,300,83100,G,
2.326798,,Cancel,42027515,,,-400,,,
2.326798,,Insert,42027935,0,B,400,82500,G,
2.356805,,Insert,42028743,0,A,100,84400,G,
2.360783,,Cancel,42027659,,,-100,,,
2.362211,,Insert,42029143,0,B,300,81600,G,
2.365109,,Insert,42029279,0,A,100,82900,G,
2.365197,,Cancel,42029279,,,-100,,,
2.367466,,Insert,42029323,0,A,300,84400,G,
2.368206,,Insert,42029335,0,A,300,84400,G,
2.36892,,Insert,42029387,0,A,100,83900,G,
2.36893,,Insert,42029391,0,A,100,83900,G,
2.369265,,Insert,42029411,0,B,100,82800,G,
2.369307,,Insert,42029419,0,A,800,83000,G,
2.369308,,Insert,42029423,0,A,800,83000,G,
2.369308,,Cancel,42029411,,,-100,,,
2.369413,,Insert,42029427,0,B,100,82800,G,
2.370469,,Insert,42029575,0,B,300,81600,G,
2.37782,,Cancel,42029423,,,-800,,,
2.381855,,Cancel,42029427,,,-100,,,
2.381855,,Insert,42029979,0,B,100,82900,G,
2.381879,,Cancel,42029979,,,-100,,,
2.381906,,Insert,42029995,0,B,100,82900,G,
2.381906,,Cancel,42027595,,,-200,,,
2.381941,,Insert,42029999,0,B,100,82800,G,
2.382455,,Cancel,42016723,,,-100,,,
2.382932,,Cancel,42029995,,,-100,,,
2.382958,,Insert,42030143,0,B,100,82900,G,
2.382959,,Insert,42030147,0,B,100,82800,G,
2.383004,,Insert,42030151,0,B,100,82900,G,
2.383857,,Cancel,42029419,,,-800,,,
2.390311,,Cancel,42028743,,,-100,,,
2.394659,,Cancel,42026351,,,-400,,,
2.399736,,Cancel,7047751,,,-1000,,,
2.399736,,Cancel,7047752,,,-1000,,,
2.399736,,Insert,7047753,1,A,1000,83500,G,
2.399736,,Insert,7047754,1,B,1000,82400,G,
2.407652,,Insert,42031475,0,B,800,82800,G,
2.408368,,Cancel,42030143,,,-100,,,
2.408404,,Cancel,42030151,,,-100,,,
2.408831,,Insert,42031547,0,B,100,82900,G,
2.410673,,Cancel,42031547,,,-100,,,
2.410695,,Cancel,42031475,,,-800,,,
2.4107,,Cancel,42027463,,,-100,,,
2.410717,,Insert,42031591,0,A,100,84500,G,
2.411596,,Insert,42031659,0,B,200,82800,G,
2.413037,,Insert,42031699,0,B,100,82900,G,
2.416446,,Cancel,42031699,,,-100,,,
2.416448,,Insert,42031763,0,A,800,83000,G,
2.41647,,Cancel,42031591,,,-100,,,
2.416487,,Insert,42031779,0,A,100,84400,G,
2.417745,,Insert,42031995,0,A,100,83000,G,
2.421261,,Cancel,42031763,,,-800,,,
2.421299,,Cancel,42031779,,,-100,,,
2.421385,,Insert,42032183,0,B,100,82900,G,
2.421474,,Cancel,42032183,,,-100,,,
2.42151,,Cancel,42031659,,,-200,,,
2.421516,,Insert,42032195,0,B,100,82900,G,
2.442354,,Cancel,42032195,,,-100,,,
2.442401,,Insert,42032895,0,A,100,84500,G,
2.442875,,Insert,42032923,0,B,200,82800,G,
2.452557,,Insert,42033199,0,B,100,82900,G,
2.4526,,Insert,42033207,0,B,100,81300,G,
2.471866,,Cancel,41999275,,,-800,,,
2.471912,,Cancel,42027671,,,-300,,,
2.471967,,Insert,42033855,0,B,800,82800,G,
2.471967,,Cancel,42031995,,,-100,,,
2.472166,,Insert,42033879,0,B,100,82900,G,
2.472166,,Cancel,42032923,,,-200,,,
2.472218,,Cancel,42027935,,,-400,,,
2.472218,,Insert,42033887,0,B,400,82700,G,
2.476472,,Insert,42034107,0,A,100,83000,G,
2.476495,,Cancel,42033199,,,-100,,,
2.476522,,Cancel,42033887,,,-400,,,
2.476522,,Insert,42034111,0,B,400,82600,G,
2.476529,,Cancel,42033879,,,-100,,,
2.476677,,Cancel,42033855,,,-800,,,
2.477041,,Insert,42034163,0,B,200,82800,G,
2.479532,,Insert,42034335,0,B,100,82900,G,
2.479854,,Insert,42034351,0,B,100,82900,G,
2.479855,,Cancel,42034163,,,-200,,,
2.48476,,Insert,42034483,0,A,800,83000,G,
2.484762,,Insert,42034487,0,A,800,83000,G,
2.484762,,Cancel,42034335,,,-100,,,
2.484778,,Cancel,42032895,,,-100,,,
2.484799,,Cancel,42034351,,,-100,,,
2.484864,,Insert,42034507,0,A,100,84400,G,
2.485022,,Insert,42034519,0,A,100,83000,G,
2.48509,,Cancel,42034519,,,-100,,,
2.485258,,Insert,42034535,0,B,200,82800,G,
2.491032,,Insert,42035055,0,A,800,83000,G,
2.491088,,Insert,42035067,0,A,100,83000,G,
2.498007,,Cancel,42035055,,,-800,,,
2.49812,,Cancel,42034487,,,-800,,,
2.50248,,Insert,42035383,0,A,400,83100,G,
2.516,TraderOne,Cancel,10,,,-10,,,
2.517115,,Insert,42035923,0,B,100,82900,G,
2.525274,,Insert,42036091,0,B,800,82800,G,
2.52528,,Cancel,42034507,,,-100,,,
2.525379,,Cancel,42035383,,,-400,,,
2.5255,,Cancel,42034483,,,-800,,,
2.525731,,Insert,42036135,0,B,100,82900,G,
2.525744,,Cancel,42034535,,,-200,,,
2.528075,,Cancel,42036091,,,-800,,,
2.534742,,Cancel,42035923,,,-100,,,
2.534768,,Cancel,41943683,,,-100,,,
2.534768,,Cancel,41943679,,,-100,,,
2.534777,,Cancel,42036135,,,-100,,,
2.543067,,Cancel,42033207,,,-100,,,
2.54358,,Insert,42036575,0,B,100,82900,G,
2.544046,,Insert,42036619,0,B,100,82900,G,
2.548328,,Insert,42036835,0,A,100,84500,G,
2.551913,,Insert,42036943,0,A,100,83300,G,
2.566078,,Cancel,42036575,,,-100,,,
2.566112,,Cancel,42036619,,,-100,,,
2.566344,,Insert,42037263,0,B,100,82900,G,
2.566373,,Cancel,42037263,,,-100,,,
2.566453,,Insert,42037267,0,B,100,82900,G,
2.566774,,Insert,42037299,0,B,100,82900,G,
2.566822,,Insert,42037303,0,B,100,81400,G,
2.567309,,Insert,42037327,0,B,300,81700,G,
2.568504,,Insert,42037403,0,B,300,81700,G,
2.580464,,Insert,42037639,0,B,800,82800,G,
2.580794,,Cancel,42035067,,,-100,,,
2.585462,,Cancel,42037639,,,-800,,,
2.60466,,Cancel,42037403,,,-300,,,
2.60488,,Cancel,42037327,,,-300,,,
2.616746,,Insert,42038487,0,B,800,82800,G,
2.620588,,Cancel,42038487,,,-800,,,
2.6472,,Cancel,42036835,,,-100,,,
2.647306,,Insert,42039335,0,B,800,82800,G,
2.654514,,Insert,42039483,0,A,300,84500,G,
2.655345,,Insert,42039511,0,A,300,84000,G,
2.655514,,Insert,42039523,0,A,300,84000,G,
2.661702,,Cancel,42039523,,,-300,,,
2.661928,,Cancel,42039511,,,-300,,,
2.662346,,Insert,42039963,0,A,300,84500,G,
2.665356,,Insert,42040075,0,A,300,84000,G,
2.665517,,Insert,42040087,0,A,300,84000,G,
2.679491,,Cancel,42034111,,,-400,,,
2.679491,,Insert,42040335,0,B,400,82700,G,
2.686666,,Cancel,42036943,,,-100,,,
2.686692,,Insert,42040543,0,B,100,46000,G,
2.686694,,Insert,42040547,0,B,100,46000,G,
2.686803,,Insert,42040551,0,A,100,84500,G,
2.691314,,Cancel,7047753,,,-1000,,,
2.691314,,Cancel,7047754,,,-1000,,,
2.691314,,Insert,7047755,1,A,1000,83500,G,
2.691314,,Insert,7047756,1,B,1000,82400,G,
2.709709,,Insert,42040995,0,A,400,83200,G,
2.731276,,Cancel,42039335,,,-800,,,
2.73139,,Cancel,42040335,,,-400,,,
2.73139,,Insert,42041703,0,B,400,82600,G,
2.731485,,Cancel,42037267,,,-100,,,
2.731488,,Cancel,42037303,,,-100,,,
2.731521,,Cancel,42037299,,,-100,,,
2.731618,,Cancel,42040995,,,-400,,,
2.731714,,Insert,42041739,0,A,800,83000,G,
2.731716,,Insert,42041743,0,A,800,83000,G,
2.732016,,Insert,42041767,0,A,100,83000,G,
2.732158,,Cancel,42041703,,,-400,,,
2.732158,,Insert,42041787,0,B,400,82500,G,
2.732202,,Insert,42041791,0,B,200,82800,G,
2.732244,,Cancel,42041767,,,-100,,,
2.735063,,Insert,42041947,0,A,800,83000,G,
2.735091,,Insert,42041959,0,A,100,82900,G,
2.735117,,Cancel,42029391,,,-100,,,
2.735119,,Cancel,42034107,,,-100,,,
2.735123,,Cancel,42041947,,,-800,,,
2.735123,,Cancel,42029387,,,-100,,,
2.735123,,Cancel,42041739,,,-800,,,
2.735124,,Insert,42041963,0,A,300,83100,G,
2.740777,,Cancel,42040087,,,-300,,,
2.741006,,Cancel,42040075,,,-300,,,
2.742387,,Insert,42042419,0,A,300,84000,G,
2.742528,,Insert,42042427,0,A,300,84000,G,
2.746797,,Cancel,42040551,,,-100,,,
2.751696,,Cancel,42041791,,,-200,,,
2.751746,,Insert,42042703,0,A,100,84400,G,
2.751752,,Cancel,42029999,,,-100,,,
2.751932,,Cancel,42030147,,,-100,,,
2.752375,,Insert,42042739,0,B,100,82800,G,
2.752389,,Insert,42042743,0,A,300,83900,G,
2.752532,,Insert,42042751,0,A,300,83900,G,
2.752616,,Insert,42042767,0,B,100,82800,G,
2.752973,,Insert,42042791,0,A,100,82900,G,
2.753001,,Insert,42042795,0,A,100,82900,G,
2.759984,,Insert,42043027,0,A,800,82900,G,
2.76002,,Cancel,42042791,,,-100,,,
2.763245,,Cancel,42026043,,,-800,,,
2.76994,,Cancel,42042751,,,-300,,,
2.770163,,Cancel,42042743,,,-300,,,
2.770647,,Cancel,42042795,,,-100,,,
2.773535,,Insert,42043767,0,A,300,83900,G,
2.774407,,Insert,42043799,0,A,300,83900,G,
2.775077,,Cancel,42042739,,,-100,,,
2.778179,,Insert,42044003,0,B,800,82700,G,
2.778187,,Cancel,42043027,,,-800,,,
2.778289,,Insert,42044011,0,B,100,81300,G,
2.77994,,Insert,42044067,0,A,800,82900,G,
2.781204,,Cancel,42042767,,,-100,,,
2.783833,,Cancel,42044011,,,-100,,,
2.784324,,Insert,42044123,0,A,400,83000,G,
2.784335,,Cancel,42044003,,,-800,,,
2.784376,,Cancel,42026007,,,-200,,,
2.784407,,Insert,42044127,0,B,100,81800,G,
2.784588,,Insert,42044139,0,B,100,82800,G,
2.784678,,Cancel,42044127,,,-100,,,
2.786366,,Cancel,42044139,,,-100,,,
2.786399,,Insert,42044259,0,B,100,81800,G,
2.786407,,Insert,42044263,0,B,100,81800,G,
2.78646,,Insert,42044283,0,A,100,82900,G,
2.786676,,Insert,42044311,0,B,200,82700,G,
2.787345,,Insert,42044359,0,B,100,82800,G,
2.787626,,Cancel,42044259,,,-100,,,
2.787626,,Cancel,42044263,,,-100,,,
2.79227,,Cancel,42044359,,,-100,,,
2.792301,,Insert,42044539,0,B,100,81800,G,
2.792556,,Insert,42044547,0,A,800,82900,G,
2.794083,,Cancel,42043767,,,-300,,,
2.794312,,Cancel,42043799,,,-300,,,
2.836802,,Insert,42045435,0,B,100,81200,G,
2.875447,,Insert,42045803,0,A,300,83900,G,
2.875549,,Insert,42045823,0,A,300,83900,G,
2.878077,,Insert,42045835,0,B,200,82800,G,
2.878098,,Cancel,42045435,,,-100,,,
2.878107,,Insert,42045839,0,B,100,81300,G,
2.878183,,Cancel,42044539,,,-100,,,
2.878453,,Cancel,42044123,,,-400,,,
2.886071,,Cancel,42045839,,,-100,,,
2.886096,,Cancel,42045835,,,-200,,,
2.886126,,Insert,42045979,0,B,100,81800,G,
2.886126,,Insert,42045983,0,B,100,81800,G,
2.886133,,Cancel,42044311,,,-200,,,
2.886291,,Insert,42045987,0,B,200,82700,G,
2.886421,,Cancel,42044547,,,-800,,,
2.88931,,Insert,42046059,0,A,800,82900,G,
2.898117,,Insert,42046199,0,B,100,82700,G,
2.898248,,Cancel,42046199,,,-100,,,
2.898248,,Insert,42046203,0,B,100,82800,G,
2.898271,,Cancel,42046203,,,-100,,,
2.898274,,Cancel,42045983,,,-100,,,
2.898275,,Cancel,42045979,,,-100,,,
2.905832,,Insert,42046335,0,B,100,82800,G,
2.905835,,Insert,42046339,0,B,100,81800,G,
2.905835,,Insert,42046343,0,B,100,81800,G,
2.905835,,Insert,42046347,0,B,100,81800,G,
2.90586,,Cancel,42046339,,,-100,,,
2.905864,,Cancel,42045823,,,-300,,,
2.905874,,Cancel,42046343,,,-100,,,
2.905944,,Cancel,42046347,,,-100,,,
2.906025,,Cancel,42045803,,,-300,,,
2.906265,,Insert,42046371,0,B,100,82800,G,
2.906265,,Cancel,42045987,,,-200,,,
2.906343,,Insert,42046379,0,B,100,81200,G,
2.906992,,Cancel,42044283,,,-100,,,
2.911467,,Insert,42046751,0,B,300,81700,G,
2.91147,,Cancel,42044067,,,-800,,,
2.911498,,Cancel,42042703,,,-100,,,
2.911538,,Insert,1369420,0,B,100,82900,F,
2.911538,,Insert,1369421,0,B,800,82900,F,
2.911558,,Insert,42046763,0,B,300,81700,G,
2.91156,,Insert,42046767,0,B,100,82800,G,
2.911561,,Insert,42046771,0,B,100,82800,G,
2.911566,,Insert,42046775,0,B,50,82800,G,
2.911576,,Insert,42046787,0,B,100,82800,G,
2.911576,,Insert,42046791,0,A,100,83900,G,
2.91159,,Insert,42046811,0,A,100,82900,G,
2.91159,,Insert,42046819,0,A,100,83900,G,
2.911608,,Cancel,42046811,,,-100,,,
2.911608,,Insert,42046827,0,B,100,82800,G,
2.911611,,Cancel,42046775,,,-50,,,
2.91164,,Cancel,42046787,,,-100,,,
2.91164,,Cancel,42042427,,,-300,,,
2.91173,,Cancel,42046379,,,-100,,,
2.911734,,Insert,42046883,0,B,800,82700,G,
2.911734,,Insert,42046887,0,B,100,81300,G,
2.911794,,Insert,42046899,0,B,21,82800,G,
2.9118,,Insert,42046903,0,B,100,82800,G,
2.91183,,Insert,42046911,0,B,100,82800,G,
2.91185,,Insert,42046927,0,A,100,83000,G,
2.911858,,Insert,42046931,0,B,200,82900,G,
2.911859,,Cancel,42042419,,,-300,,,
2.911874,,Cancel,42046767,,,-100,,,
2.911874,,Insert,42046935,0,B,100,82900,G,
2.911874,,Cancel,42046771,,,-100,,,
2.911874,,Insert,42046939,0,B,100,82900,G,
2.911874,,Cancel,42046903,,,-100,,,
2.911874,,Insert,42046943,0,B,100,82900,G,
2.911886,,Cancel,42046943,,,-100,,,
2.911914,,Insert,42046951,0,B,100,82900,G,
2.911914,,Cancel,42046371,,,-100,,,
2.912003,,Insert,42046971,0,B,100,82900,G,
2.91223,,Cancel,42046927,,,-100,,,
2.912563,,Cancel,42046911,,,-100,,,
2.912753,,Insert,42047187,0,A,100,83000,G,
2.912864,,Insert,42047211,0,B,100,82900,G,
2.912889,,Cancel,42047187,,,-100,,,
2.912921,,Cancel,42047211,,,-100,,,
2.914157,,Insert,42047447,0,B,100,82900,G,
2.914209,,Cancel,42047447,,,-100,,,
2.914451,,Insert,42047479,0,B,100,82900,G,
2.914467,,Insert,42047487,0,B,24,82900,G,
2.914479,,Insert,1369482,0,B,3,83000,F,
2.9145,,Cancel,42047479,,,-100,,,
2.914666,,Cancel,42046939,,,-100,,,
2.914735,,Insert,42047511,0,B,100,82900,G,
2.914753,,Insert,1369483,0,B,172,83000,F,
2.91476,,Insert,1369484,0,B,625,83000,F,
2.914766,,Insert,42047523,0,B,100,82900,G,
2.914791,,Insert,42047531,0,B,50,82900,G,
2.914791,,Insert,42047539,0,B,100,82900,G,
2.914792,,Cancel,42047511,,,-100,,,
2.914794,,Insert,42047543,0,A,100,83100,G,
2.914795,,Insert,42047547,0,B,100,82900,G,
2.914815,,Insert,42047551,0,B,100,82900,G,
2.914827,,Cancel,42047523,,,-100,,,
2.914852,,Cancel,42047551,,,-100,,,
2.914895,,Cancel,42047539,,,-100,,,
2.914983,,Insert,42047567,0,A,100,83400,G,
2.915115,,Insert,42047603,0,A,800,83000,G,
2.915125,,Insert,1369487,0,A,100,83000,F,
2.915125,,Cancel,1369487,,,-100,,,
2.915137,,Cancel,42047531,,,-50,,,
2.915161,,Cancel,42046935,,,-100,,,
2.915352,,Cancel,42046899,,,-21,,,
2.915455,,Cancel,42047487,,,-24,,,
2.919481,,Insert,42047955,0,B,300,81800,G,
2.919714,,Cancel,42047603,,,-800,,,
2.919749,,Cancel,42047543,,,-100,,,
2.919751,,Cancel,42041787,,,-400,,,
2.919751,,Insert,42047971,0,B,400,82600,G,
2.919865,,Insert,42047979,0,B,800,82800,G,
2.920074,,Insert,42047999,0,A,800,83100,G,
2.920112,,Insert,42048007,0,A,100,83000,G,
2.920141,,Cancel,42047999,,,-800,,,
2.920302,,Cancel,42047567,,,-100,,,
2.920453,,Cancel,42048007,,,-100,,,
2.920482,,Cancel,42041963,,,-300,,,
2.920729,,Insert,42048127,0,B,100,82900,G,
2.920779,,Cancel,42048127,,,-100,,,
2.920862,,Insert,42048163,0,B,100,83000,G,
2.92089,,Cancel,41993387,,,-300,,,
2.920893,,Insert,42048179,0,B,300,82800,G,
2.92156,,Insert,42048295,0,B,300,81800,G,
2.92194,,Insert,42048395,0,B,800,82900,G,
2.92194,,Cancel,41980355,,,-800,,,
2.92231,,Insert,42048447,0,A,800,83100,G,
2.922333,,Cancel,42046887,,,-100,,,
2.922351,,Insert,42048463,0,B,200,83000,G,
2.922352,,Cancel,42046951,,,-100,,,
2.922436,,Insert,42048475,0,B,400,82700,G,
2.922447,,Cancel,42047971,,,-400,,,
2.922475,,Insert,42048483,0,A,142,83300,G,
2.924065,,Insert,42048571,0,B,400,82800,G,
2.924072,,Cancel,42048447,,,-800,,,
2.92434,,Cancel,41999271,,,-800,,,
2.924368,,Insert,42048603,0,A,100,83100,G,
2.924564,,Insert,42048627,0,A,100,83100,G,
2.92458,,Cancel,42048571,,,-400,,,
2.925024,,Cancel,42048627,,,-100,,,
2.925558,,Insert,42048775,0,A,300,84600,G,
2.92649,,Insert,42048895,0,A,300,84600,G,
2.927452,,Insert,42049015,0,B,100,83000,G,
2.927638,,Cancel,42049015,,,-100,,,
2.92984,,Insert,1369566,0,B,2,83100,F,
2.929892,,Insert,1369567,0,B,98,83100,F,
2.929917,,Insert,42049195,0,B,46,83000,G,
2.929929,,Insert,42049199,0,B,100,83000,G,
2.929938,,Insert,42049207,0,A,100,83100,G,
2.929941,,Insert,42049211,0,A,100,84100,G,
2.929941,,Insert,42049215,0,B,100,83000,G,
2.929963,,Cancel,42049195,,,-46,,,
2.929977,,Insert,1369571,0,B,100,83100,F,
2.930003,,Insert,42049227,0,B,46,83000,G,
2.930003,,Cancel,42049215,,,-100,,,
2.930038,,Insert,42049231,0,A,100,83100,G,
2.930061,,Cancel,42049227,,,-46,,,
2.930118,,Cancel,42049211,,,-100,,,
2.930314,,Insert,42049247,0,B,10,83000,G,
2.930366,,Cancel,42049247,,,-10,,,
2.93144,,Cancel,42049199,,,-100,,,
2.931708,,Insert,42049295,0,B,100,83000,G,
2.938082,,Insert,42049519,0,B,800,83000,G,
2.938082,,Cancel,41989007,,,-800,,,
2.938163,,Insert,1369581,0,B,2,83100,F,
2.938223,,Insert,42049527,0,A,800,83200,G,
2.93913,,Cancel,42049519,,,-800,,,
2.94009,,Insert,42049595,0,A,800,83200,G,
2.941809,,Insert,42049631,0,B,100,82400,G,
2.943203,,Cancel,42049595,,,-800,,,
2.943794,,Insert,42049687,0,A,800,83200,G,
2.944674,,Insert,42049727,0,B,100,81400,G,
2.947442,,Cancel,42049231,,,-98,,,
2.94748,,Insert,42049851,0,A,100,84100,G,
2.947497,,Insert,42049855,0,A,100,84100,G,
2.947564,,Insert,42049859,0,B,300,81900,G,
2.947727,,Insert,42049875,0,B,200,83100,G,
2.947827,,Insert,42049891,0,B,100,83100,G,
2.947827,,Cancel,42048463,,,-200,,,
2.94851,,Insert,42049939,0,B,300,81900,G,
2.95044,,Insert,42050043,0,B,100,83100,G,
2.950812,,Insert,42050067,0,B,100,83100,G,
2.952074,,Cancel,42049687,,,-800,,,
2.952661,,Cancel,42049527,,,-800,,,
2.952762,,Insert,42050151,0,B,800,83000,G,
2.958817,,Cancel,41999691,,,-300,,,
2.959731,,Cancel,42050043,,,-100,,,
2.961626,,Cancel,42050151,,,-800,,,
2.961908,,Cancel,42049727,,,-100,,,
2.962974,,Insert,42050583,0,B,800,83000,G,
2.97119,,Cancel,42050583,,,-800,,,
2.97142,,Insert,42050911,0,A,100,84600,G,
2.972952,,Cancel,42048475,,,-400,,,
2.97296,,Insert,42051051,0,B,800,83000,G,
2.972978,,Cancel,42050911,,,-100,,,
2.978191,,Insert,5004720,1,A,69,85900,G,
2.98011,,Cancel,41998895,,,-300,,,
2.980206,,Cancel,41999007,,,-300,,,
2.980513,,Insert,42051303,0,A,300,84700,G,
2.98057,,Insert,42051315,0,A,300,84700,G,
2.981024,,Insert,42051339,0,A,400,83300,G,
2.985357,,Cancel,42051339,,,-400,,,
2.985375,,Insert,42051423,0,A,800,83300,G,
2.985395,,Insert,42051431,0,B,100,81400,G,
2.988123,,Cancel,41999267,,,-800,,,
2.98825,,Insert,42051611,0,A,100,84200,G,
2.988252,,Insert,42051615,0,A,100,83200,G,
2.988253,,Insert,42051619,0,A,100,84200,G,
2.988328,,Cancel,42051611,,,-100,,,
2.988331,,Cancel,42051619,,,-100,,,
2.988361,,Insert,42051623,0,B,400,82900,G,
2.988609,,Cancel,42051623,,,-400,,,
2.988609,,Insert,42051635,0,B,400,82800,G,
2.993523,,Insert,42051803,0,A,300,84200,G,
2.993568,,Insert,42051815,0,A,300,84200,G,
2.999211,,Cancel,42016171,,,-100,,,
3.001449,,Cancel,7047755,,,-1000,,,
3.001449,,Cancel,7047756,,,-1000,,,
3.001449,,Insert,7047757,1,A,1000,83700,G,
3.001449,,Insert,7047758,1,B,1000,82600,G,
3.003156,,Insert,42052403,0,B,100,82600,G,
3.003215,,Cancel,42051815,,,-300,,,
3.004006,,Cancel,42051803,,,-300,,,
3.00453,,Insert,42052439,0,B,100,79300,G,
3.006171,,Cancel,42007619,,,-4,,,
3.010189,,Insert,42052635,0,B,4,82600,G,
3.016532,,Insert,42052899,0,A,300,84200,G,
3.016804,,Cancel,42051431,,,-100,,,
3.016812,,Insert,42052915,0,B,100,81500,G,
3.016815,,Insert,42052919,0,A,100,84700,G,
3.017054,,Cancel,42051615,,,-100,,,
3.017153,,Cancel,42052899,,,-300,,,
3.01719,,Insert,42052955,0,A,100,84200,G,
3.017191,,Insert,42052959,0,A,100,84200,G,
3.017255,,Insert,42052971,0,B,100,83100,G,
3.0173,,Cancel,42052971,,,-100,,,
3.017496,,Insert,42052995,0,A,100,83200,G,
3.017543,,Cancel,41982719,,,-300,,,
3.017543,,Insert,42052999,0,B,300,82000,G,
3.017551,,Cancel,42052955,,,-100,,,
3.017552,,Cancel,42052959,,,-100,,,
3.018524,,Cancel,42052999,,,-300,,,
3.019348,,Cancel,42052439,,,-100,,,
3.020529,,Insert,42053127,0,B,100,61300,G,
3.022536,,Cancel,42053127,,,-100,,,
3.022536,,Insert,42053287,0,B,100,79300,G,
3.028251,,Cancel,42052995,,,-100,,,
3.02828,,Insert,42053467,0,A,100,84200,G,
3.028596,,Insert,42053479,0,A,100,83200,G,
3.028622,,Cancel,42053467,,,-100,,,
3.034535,,Cancel,42053287,,,-100,,,
3.035537,,Insert,42053755,0,B,100,61300,G,
3.04183,,Cancel,42048483,,,-142,,,
3.049549,,Insert,42054447,0,B,300,82000,G,
3.049577,,Cancel,41991891,,,-300,,,
3.049577,,Insert,42054451,0,B,300,82000,G,
3.052282,,Cancel,42054451,,,-300,,,
3.0536,,Cancel,42054447,,,-300,,,
3.065555,,Cancel,42053755,,,-100,,,
3.065555,,Insert,42056151,0,B,100,79300,G,
3.079558,,Cancel,42056151,,,-100,,,
3.080561,,Insert,42057187,0,B,100,61300,G,
3.081902,,Cancel,42053479,,,-100,,,
3.082145,,Insert,42057267,0,A,100,84200,G,
3.082146,,Insert,42057271,0,A,100,84200,G,
3.082482,,Insert,42057287,0,A,100,83200,G,
3.082583,,Cancel,42057271,,,-100,,,
3.082583,,Cancel,42057267,,,-100,,,
3.086104,,Cancel,42057287,,,-100,,,
3.086282,,Insert,42058163,0,A,100,84200,G,
3.086283,,Insert,42058167,0,A,100,84200,G,
3.087571,,Cancel,42057187,,,-100,,,
3.087571,,Insert,42058383,0,B,100,79300,G,
3.091139,,Insert,42058975,0,A,800,83300,G,
3.091139,,Insert,42058979,0,A,800,83300,G,
3.09114,,Insert,42058983,0,A,100,83200,G,
3.091167,,Cancel,42058975,,,-800,,,
3.09117,,Cancel,42058979,,,-800,,,
3.091193,,Cancel,42058163,,,-100,,,
3.091206,,Cancel,42058167,,,-100,,,
3.091511,,Cancel,42058983,,,-100,,,
3.091591,,Insert,42059039,0,A,100,84200,G,
3.091609,,Insert,42059043,0,A,100,84200,G,
3.092139,,Insert,42059103,0,A,100,83200,G,
3.092165,,Cancel,42059039,,,-100,,,
3.092642,,Cancel,42059043,,,-100,,,
3.094374,,Cancel,42059103,,,-100,,,
3.09459,,Insert,42059259,0,A,100,84200,G,
3.094593,,Insert,42059263,0,A,100,84200,G,
3.094696,,Insert,42059275,0,A,100,83200,G,
3.094846,,Cancel,42059259,,,-100,,,
3.094846,,Cancel,42059263,,,-100,,,
3.161859,,Cancel,42059275,,,-100,,,
3.161868,,Cancel,42052919,,,-100,,,
3.161977,,Insert,42061835,0,A,100,84200,G,
3.161979,,Insert,42061839,0,A,100,84200,G,
3.162471,,Insert,42061855,0,A,100,83200,G,
3.162497,,Cancel,42061839,,,-100,,,
3.162501,,Insert,42061859,0,A,300,83400,G,
3.162574,,Insert,42061903,0,A,300,83600,G,
3.164195,,Cancel,42061835,,,-100,,,
3.187599,,Insert,42062831,0,B,300,82000,G,
3.18762,,Insert,42062835,0,B,300,82000,G,
3.192381,,Insert,42062915,0,A,400,83400,G,
3.196798,,Insert,42063047,0,A,100,84700,G,
3.204704,,Cancel,42050067,,,-100,,,
3.204734,,Insert,42063299,0,B,100,83100,G,
3.226798,,Cancel,42052915,,,-100,,,
3.226801,,Insert,42063875,0,B,100,81600,G,
3.257078,,Insert,42064691,0,A,100,83200,G,
3.257282,,Cancel,42063299,,,-100,,,
3.257286,,Cancel,42062831,,,-300,,,
3.257404,,Cancel,42062835,,,-300,,,
3.257561,,Insert,1370072,0,A,132,83100,F,
3.257583,,Insert,1370073,0,A,68,83100,F,
3.257583,,Insert,1370074,0,A,100,83100,F,
3.257613,,Insert,42064719,0,A,50,83200,G,
3.257622,,Insert,42064723,0,A,100,83200,G,
3.257648,,Insert,42064731,0,A,100,83200,G,
3.257802,,Insert,42064763,0,A,19,83200,G,
3.257818,,Insert,42064783,0,A,100,83200,G,
3.25789,,Insert,42064807,0,A,200,83100,G,
3.2579,,Cancel,42064723,,,-100,,,
3.2579,,Insert,42064811,0,A,100,83100,G,
3.257915,,Cancel,42064691,,,-100,,,
3.257931,,Cancel,42048163,,,-100,,,
3.257936,,Cancel,42058383,,,-100,,,
3.25794,,Insert,42064815,0,B,100,83000,G,
3.257941,,Cancel,42064811,,,-100,,,
3.257946,,Cancel,42049855,,,-100,,,
3.257952,,Cancel,42049851,,,-100,,,
3.258008,,Cancel,42064807,,,-200,,,
3.25803,,Cancel,42064719,,,-50,,,
3.258056,,Insert,42064823,0,A,100,83100,G,
3.258058,,Insert,42064827,0,A,100,84100,G,
3.258073,,Insert,42064835,0,A,100,84100,G,
3.258099,,Cancel,42064827,,,-100,,,
3.258129,,Cancel,42064835,,,-100,,,
3.258655,,Insert,42064927,0,A,300,84200,G,
3.258662,,Insert,42064931,0,B,100,61300,G,
3.259611,,Insert,42064999,0,A,300,84200,G,
3.265215,,Cancel,42051051,,,-800,,,
3.26542,,Insert,42065671,0,A,100,83100,G,
3.265744,,Cancel,42062915,,,-400,,,
3.266115,,Cancel,42063047,,,-100,,,
3.26612,,Insert,42065739,0,A,100,84600,G,
3.266463,,Insert,42065839,0,A,800,83200,G,
3.266573,,Cancel,42063875,,,-100,,,
3.27183,,Cancel,42064763,,,-19,,,
3.286801,,Insert,42067143,0,B,100,81500,G,
3.295437,,Cancel,42067143,,,-100,,,
3.295442,,Insert,42067499,0,B,100,81600,G,
3.295486,,Cancel,42065671,,,-100,,,
3.295969,,Cancel,42064783,,,-100,,,
3.297364,,Cancel,42064823,,,-100,,,
3.297397,,Insert,42067639,0,A,200,83100,G,
3.299092,,Cancel,42049859,,,-300,,,
3.299231,,Cancel,42049939,,,-300,,,
3.301738,,Cancel,7047757,,,-1000,,,
3.301738,,Cancel,7047758,,,-1000,,,
3.301738,,Insert,7047759,1,A,1000,83600,G,
3.301738,,Insert,7047760,1,B,1000,82500,G,
3.304198,,Insert,42067927,0,A,100,83100,G,
3.304238,,Cancel,42049295,,,-100,,,
3.304255,,Cancel,42067927,,,-100,,,
3.304273,,Cancel,42064815,,,-100,,,
3.304404,,Insert,42067955,0,A,100,83100,G,
3.307099,,Cancel,42067499,,,-100,,,
3.307259,,Cancel,42051635,,,-400,,,
3.307259,,Insert,42068239,0,B,400,82700,G,
3.307378,,Insert,42068263,0,A,100,83100,G,
3.307445,,Insert,42068271,0,A,800,83100,G,
3.307506,,Insert,42068299,0,B,200,82900,G,
3.307827,,Cancel,42068271,,,-800,,,
3.307962,,Insert,42068383,0,B,100,83000,G,
3.311767,,Cancel,42068263,,,-100,,,
3.312349,,Insert,42068595,0,A,800,83100,G,
3.319075,,Cancel,42068595,,,-800,,,
3.321098,,Insert,42068751,0,A,100,83100,G,
3.324657,,Cancel,42065739,,,-100,,,
3.324662,,Cancel,42068751,,,-100,,,
3.324746,,Insert,42069067,0,A,100,83100,G,
3.324863,,Cancel,42069067,,,-100,,,
3.325142,,Cancel,42068239,,,-400,,,
3.346809,,Insert,42069499,0,B,100,81500,G,
3.346811,,Insert,42069503,0,A,100,84600,G,
3.350331,,Insert,42069591,0,B,800,83000,G,
3.350345,,Cancel,42069503,,,-100,,,
3.350613,,Cancel,42067639,,,-200,,,
3.350659,,Cancel,42067955,,,-100,,,
3.350692,,Insert,42069631,0,A,100,84100,G,
3.350695,,Insert,42069635,0,A,100,83200,G,
3.350703,,Insert,42069639,0,A,100,84100,G,
3.350872,,Insert,42069651,0,A,800,83200,G,
3.350875,,Insert,42069659,0,A,200,83100,G,
3.350902,,Cancel,42069651,,,-800,,,
3.350924,,Cancel,42069639,,,-100,,,
3.350926,,Cancel,42069631,,,-100,,,
3.359051,,Cancel,42069499,,,-100,,,
3.359065,,Insert,42069903,0,B,100,81600,G,
3.359219,,Cancel,42069659,,,-200,,,
3.359239,,Cancel,42069635,,,-100,,,
3.359246,,Insert,42069907,0,A,100,84100,G,
3.359248,,Insert,42069911,0,A,100,84100,G,
3.376804,,Insert,42070123,0,A,100,84700,G,
3.409712,,Insert,42070739,0,B,400,82800,G,
3.409726,,Insert,42070743,0,A,400,83300,G,
3.424378,,Cancel,42069591,,,-800,,,
3.424405,,Insert,42071035,0,A,200,83100,G,
3.424409,,Insert,42071039,0,B,100,83000,G,
3.424437,,Cancel,42048395,,,-800,,,
3.424437,,Cancel,42069907,,,-100,,,
3.424447,,Cancel,42069911,,,-100,,,
3.424457,,Cancel,42070739,,,-400,,,
3.424457,,Insert,42071067,0,B,400,82700,G,
3.424462,,Cancel,42071039,,,-100,,,
3.42462,,Cancel,42069903,,,-100,,,
3.424766,,Cancel,42070123,,,-100,,,
3.424772,,Insert,42071191,0,A,100,84600,G,
3.425411,,Cancel,42071035,,,-200,,,
3.425447,,Insert,42071279,0,A,100,83200,G,
3.425447,,Insert,42071283,0,A,100,83200,G,
3.425447,,Insert,42071287,0,B,100,83000,G,
3.42545,,Insert,42071291,0,A,100,84100,G,
3.42545,,Insert,42071295,0,A,100,84100,G,
3.425452,,Insert,42071299,0,B,100,83000,G,
3.42551,,Cancel,42071283,,,-100,,,
3.425546,,Cancel,42071067,,,-400,,,
3.425628,,Insert,42071311,0,B,100,83000,G,
3.425657,,Cancel,42071191,,,-100,,,
3.426531,,Cancel,42071311,,,-100,,,
3.431346,,Cancel,42071279,,,-100,,,
3.434568,,Insert,42071871,0,B,800,82900,G,
3.436444,,Insert,42071903,0,B,800,83000,G,
3.437077,,Cancel,42070743,,,-400,,,
3.437097,,Insert,42071915,0,B,4100,79400,G,
3.437098,,Insert,42071919,0,B,4100,75200,G,
3.437114,,Insert,42071923,0,B,4100,66900,G,
3.437115,,Insert,42071927,0,B,4100,71100,G,
3.437126,,Insert,42071931,0,B,4100,58700,G,
3.437129,,Insert,42071935,0,B,4100,62800,G,
3.437139,,Insert,42071939,0,B,4100,50400,G,
3.437141,,Insert,42071943,0,B,4100,54500,G,
3.437152,,Insert,42071947,0,B,4100,46300,G,
3.437516,,Insert,42071951,0,B,100,83000,G,
3.444506,,Insert,42072243,0,B,800,82000,G,
3.444509,,Insert,42072247,0,B,300,83000,G,
3.444509,,Cancel,42026011,,,-300,,,
3.44451,,Insert,42072251,0,B,300,83000,G,
3.444767,,Insert,42072259,0,B,100,81600,G,
3.444782,,Cancel,42071951,,,-100,,,
3.444782,,Insert,42072263,0,B,100,83100,G,
3.444784,,Cancel,42072247,,,-300,,,
3.444784,,Insert,42072267,0,B,300,83100,G,
3.444808,,Cancel,42071287,,,-100,,,
3.444812,,Cancel,42072243,,,-800,,,
3.444818,,Cancel,42068299,,,-200,,,
3.444825,,Insert,42072279,0,B,100,83000,G,
3.444825,,Cancel,42072263,,,-100,,,
3.445265,,Insert,42072299,0,B,200,83100,G,
3.445703,,Cancel,42064731,,,-100,,,
3.446042,,Cancel,42061859,,,-300,,,
3.446146,,Cancel,42065839,,,-800,,,
3.4668,,Insert,42073187,0,A,100,84700,G,
3.47243,,Cancel,42072267,,,-300,,,
3.47243,,Cancel,42072251,,,-300,,,
3.472449,,Cancel,42072259,,,-100,,,
3.472457,,Insert,42073327,0,A,100,83200,G,
3.472466,,Cancel,42072299,,,-200,,,
3.472734,,Insert,42073335,0,A,100,83200,G,
3.472772,,Cancel,42073335,,,-100,,,
3.472779,,Insert,42073339,0,A,100,83200,G,
3.472784,,Insert,42073343,0,A,100,83200,G,
3.472803,,Cancel,42073343,,,-100,,,
3.472934,,Cancel,42073339,,,-100,,,
3.473069,,Insert,42073371,0,B,100,83100,G,
3.473099,,Insert,42073375,0,B,300,82600,G,
3.473107,,Insert,42073383,0,B,100,83100,G,
3.482497,,Insert,42073563,0,B,400,82900,G,
3.482503,,Cancel,42073327,,,-100,,,
3.482705,,Cancel,42073187,,,-100,,,
3.496805,,Insert,42073783,0,B,100,81600,G,
3.504401,,Insert,42073915,0,A,100,84700,G,
3.511686,,Cancel,42061855,,,-100,,,
3.517243,,Insert,42074551,0,A,100,83200,G,
3.517269,,Insert,42074555,0,A,300,83400,G,
3.5213,,Cancel,42073915,,,-100,,,
3.521306,,Insert,42074771,0,A,800,83400,G,
3.521321,,Cancel,42073783,,,-100,,,
3.521327,,Insert,42074775,0,B,100,81700,G,
3.521587,,Insert,42074807,0,B,100,83100,G,
3.525881,,Cancel,42074807,,,-100,,,
3.526456,,Cancel,42074775,,,-100,,,
3.530784,,Insert,42075027,0,B,300,81900,G,
3.550824,,Insert,42075263,0,B,100,81600,G,
3.550827,,Insert,42075267,0,A,100,84700,G,
3.561078,,Cancel,42075263,,,-100,,,
3.561083,,Insert,42075367,0,B,100,81700,G,
3.561946,,Cancel,42074551,,,-100,,,
3.561958,,Cancel,42075267,,,-100,,,
3.562153,,Insert,42075379,0,A,100,83200,G,
3.566405,,Cancel,42075379,,,-100,,,
3.566436,,Insert,42075427,0,A,200,83200,G,
3.566661,,Insert,42075443,0,B,300,81900,G,
3.572975,,Cancel,42064999,,,-300,,,
3.573663,,Insert,42075535,0,A,300,84200,G,
3.581007,,Insert,42075631,0,B,800,83100,G,
3.581009,,Cancel,41993331,,,-800,,,
3.581031,,Cancel,42075427,,,-200,,,
3.581591,,Insert,42075655,0,A,100,83600,G,
3.582579,,Insert,42075707,0,A,100,83200,G,
3.59894,,Cancel,42075631,,,-800,,,
3.598989,,Insert,42076307,0,A,100,84700,G,
3.603765,,Cancel,7047759,,,-1000,,,
3.603765,,Cancel,7047760,,,-1000,,,
3.603765,,Insert,7047761,1,A,1000,83700,G,
3.603765,,Insert,7047762,1,B,1000,82600,G,
3.606022,,Cancel,42075707,,,-100,,,
3.606035,,Insert,42076407,0,B,800,83100,G,
3.606699,,Cancel,42076307,,,-100,,,
3.610363,,Insert,42076907,0,A,400,83500,G,
3.610394,,Insert,42076911,0,B,400,83000,G,
3.610406,,Cancel,42073563,,,-400,,,
3.610816,,Cancel,42076911,,,-400,,,
3.610816,,Insert,42076939,0,B,400,82900,G,
3.628239,,Insert,42077575,0,A,100,84800,G,
3.628261,,Insert,42077579,0,B,100,82800,G,
3.628583,,Cancel,42077579,,,-100,,,
3.652666,,Insert,42078543,0,B,100,83200,G,
3.652699,,Insert,42078551,0,B,300,83000,G,
3.6527,,Cancel,42073375,,,-300,,,
3.652704,,Insert,42078555,0,B,100,83200,G,
3.652706,,Cancel,42073383,,,-100,,,
3.652725,,Cancel,41979367,,,-100,,,
3.665051,,Insert,42078743,0,A,100,83300,G,
3.665102,,Cancel,42078743,,,-100,,,
3.665134,,Insert,42078755,0,A,100,83300,G,
3.66514,,Cancel,42078543,,,-100,,,
3.665143,,Insert,42078759,0,A,138,83300,G,
3.665175,,Cancel,42078555,,,-100,,,
3.665185,,Cancel,42078755,,,-100,,,
3.665194,,Insert,42078767,0,A,100,83300,G,
3.66565,,Cancel,42078767,,,-100,,,
3.66565,,Insert,42078795,0,A,100,83200,G,
3.665782,,Insert,42078823,0,B,200,83100,G,
3.679455,,Cancel,42078795,,,-100,,,
3.67952,,Cancel,42078759,,,-138,,,
3.68243,,Cancel,42077575,,,-100,,,
3.706802,,Insert,42079583,0,A,100,84800,G,
3.721612,,Cancel,42075535,,,-300,,,
3.72163,,Cancel,42064927,,,-300,,,
3.721676,,Insert,42080203,0,A,100,84200,G,
3.721678,,Insert,42080211,0,A,100,84200,G,
3.721688,,Insert,42080223,0,A,100,84200,G,
3.721789,,Insert,42080323,0,B,100,83200,G,
3.721876,,Cancel,42064931,,,-100,,,
3.721876,,Insert,42080379,0,B,100,79300,G,
3.726696,,Insert,42081323,0,B,300,82000,G,
3.726728,,Insert,42081339,0,B,100,83200,G,
3.726883,,Insert,42081403,0,B,300,82000,G,
3.72715,,Cancel,42014635,,,-300,,,
3.727228,,Cancel,42014679,,,-300,,,
3.72769,,Insert,42081519,0,A,300,84800,G,
3.727883,,Insert,42081531,0,A,300,84800,G,
3.733913,,Cancel,42051423,,,-800,,,
3.734003,,Insert,42081783,0,A,100,84300,G,
3.734006,,Insert,42081787,0,A,100,84300,G,
3.734107,,Cancel,42074555,,,-300,,,
3.734127,,Cancel,41999515,,,-100,,,
3.734128,,Insert,42081803,0,B,400,83000,G,
3.734138,,Insert,42081811,0,B,800,83200,G,
3.73414,,Cancel,41998143,,,-800,,,
3.734147,,Cancel,42076939,,,-400,,,
3.734195,,Cancel,42079583,,,-100,,,
3.734431,,Insert,42081851,0,B,100,83200,G,
3.73913,,Cancel,42081851,,,-100,,,
3.739141,,Insert,42082163,0,A,100,83900,G,
3.748884,,Cancel,41997163,,,-300,,,
3.748884,,Insert,42082639,0,B,300,82100,G,
3.75,TraderOne,Insert,22,1,B,10,83200,G,
3.764022,,Insert,42083219,0,A,100,83300,G,
3.76405,,Cancel,42081783,,,-100,,,
3.764055,,Insert,42083223,0,A,300,83800,G,
3.764063,,Insert,42083227,0,A,100,84800,G,
3.764081,,Cancel,42081787,,,-100,,,
3.765294,,Insert,42083411,0,B,100,83200,G,
3.765697,,Cancel,41997223,,,-300,,,
3.765697,,Insert,42083487,0,B,300,82100,G,
3.772024,,Insert,42083851,0,A,800,83500,G,
3.772101,,Cancel,42081811,,,-800,,,
3.772349,,Cancel,42083411,,,-100,,,
3.774053,,Cancel,42083487,,,-300,,,
3.7747,,Insert,42084067,0,B,300,82100,G,
3.787628,,Cancel,42080323,,,-100,,,
3.787839,,Cancel,42081339,,,-100,,,
3.787867,,Insert,42084387,0,B,100,83100,G,
3.78787,,Insert,42084391,0,A,100,83300,G,
3.788166,,Cancel,42084067,,,-300,,,
3.788656,,Cancel,42082639,,,-300,,,
3.789179,,Cancel,42084387,,,-100,,,
3.796174,,Cancel,42075367,,,-100,,,
3.79635,,Insert,42084911,0,B,100,83100,G,
3.799322,,Cancel,42084911,,,-100,,,
3.800158,,Insert,42085083,0,A,100,83300,G,
3.803485,,Cancel,42081803,,,-400,,,
3.803485,,Insert,42085175,0,B,400,82900,G,
3.803511,,Insert,42085179,0,B,100,83100,G,
3.807152,,Cancel,42076407,,,-800,,,
3.807366,,Cancel,42085179,,,-100,,,
3.807387,,Cancel,42083227,,,-100,,,
3.807401,,Insert,42085315,0,A,100,84700,G,
3.80751,,Insert,42085323,0,A,800,83300,G,
3.807537,,Insert,42085335,0,A,200,83200,G,
3.807568,,Cancel,42084391,,,-100,,,
3.807568,,Insert,42085343,0,B,100,83100,G,
3.807568,,Cancel,42080211,,,-100,,,
3.807568,,Insert,42085347,0,A,300,83400,G,
3.807568,,Cancel,42085323,,,-800,,,
3.807568,,Cancel,42083223,,,-300,,,
3.807594,,Cancel,42080223,,,-100,,,
3.807597,,Cancel,42085335,,,-200,,,
3.807602,,Cancel,42080203,,,-100,,,
3.807642,,Insert,42085375,0,A,100,84200,G,
3.807665,,Insert,42085379,0,A,100,84200,G,
3.807763,,Insert,42085403,0,A,100,83300,G,
3.808203,,Cancel,42085343,,,-100,,,
3.808657,,Cancel,42076907,,,-400,,,
3.808663,,Insert,42085455,0,A,800,83300,G,
3.810404,,Insert,42085575,0,A,400,83400,G,
3.822172,,Insert,42085895,0,A,100,83200,G,
3.822199,,Insert,42085899,0,A,100,83200,G,
3.822201,,Insert,42085903,0,B,100,83100,G,
3.822203,,Cancel,42085375,,,-100,,,
3.822213,,Cancel,42085379,,,-100,,,
3.823129,,Cancel,42085455,,,-800,,,
3.82313,,Cancel,42085895,,,-100,,,
3.823173,,Insert,1370573,0,B,69,83200,F,
3.823175,,Insert,1370574,0,B,31,83200,F,
3.823201,,Insert,42085963,0,B,46,83100,G,
3.823203,,Insert,42085967,0,B,100,83100,G,
3.823204,,Insert,42085971,0,A,100,84200,G,
3.823208,,Insert,42085975,0,A,100,84200,G,
3.823211,,Cancel,42085575,,,-400,,,
3.823213,,Insert,42085987,0,B,100,83100,G,
3.823222,,Cancel,42085175,,,-400,,,
3.823225,,Cancel,42085347,,,-300,,,
3.823248,,Insert,42085999,0,B,100,83100,G,
3.823248,,Cancel,42085403,,,-100,,,
3.823257,,Insert,42086003,0,B,100,83100,G,
3.823314,,Cancel,42086003,,,-100,,,
3.823317,,Cancel,42085967,,,-100,,,
3.823392,,Cancel,42085315,,,-100,,,
3.823454,,Insert,42086011,0,B,800,83100,G,
3.823545,,Cancel,42085903,,,-100,,,
3.823582,,Cancel,42085987,,,-100,,,
3.823582,,Insert,42086031,0,B,100,83200,G,
3.82366,,Insert,42086047,0,B,100,83100,G,
3.83769,,Cancel,42086047,,,-100,,,
3.837694,,Cancel,42086031,,,-100,,,
3.837717,,Cancel,42085963,,,-46,,,
3.837727,,Cancel,42085999,,,-100,,,
3.839482,,Insert,42086723,0,B,100,83100,G,
3.841898,,Cancel,42086723,,,-100,,,
3.854936,,Insert,42087131,0,A,100,84800,G,
3.860723,,Insert,42087971,0,B,100,83100,G,
3.860768,,Insert,42087975,0,B,100,81700,G,
3.871646,,Cancel,42087971,,,-100,,,
3.877551,,Cancel,42087131,,,-100,,,
3.877589,,Insert,42090515,0,B,800,82000,G,
3.87759,,Insert,42090519,0,B,800,83200,G,
3.877614,,Insert,42090531,0,B,300,83200,G,
3.877618,,Cancel,42090515,,,-800,,,
3.877805,,Cancel,42090519,,,-800,,,
3.877977,,Cancel,42087975,,,-100,,,
3.87814,,Cancel,42078551,,,-300,,,
3.878169,,Cancel,42090531,,,-300,,,
3.878558,,Insert,42090667,0,B,100,83100,G,
3.879474,,Cancel,42090667,,,-100,,,
3.879737,,Insert,42091111,0,B,100,83200,G,
3.879766,,Insert,42091143,0,B,300,83000,G,
3.897025,,Insert,42092947,0,B,100,83200,G,
3.897084,,Cancel,42085083,,,-100,,,
3.897108,,Cancel,42083219,,,-100,,,
3.897278,,Insert,42092987,0,A,100,84300,G,
3.90224,,Cancel,7047761,,,-1000,,,
3.90224,,Cancel,7047762,,,-1000,,,
3.90224,,Insert,7047763,1,A,1000,83800,G,
3.90224,,Insert,7047764,1,B,1000,82800,G,
3.903692,,Insert,42093235,0,B,800,83200,G,
3.903737,,Insert,42093239,0,B,100,81600,G,
3.917723,,Insert,42093839,0,B,300,82100,G,
3.917749,,Cancel,42029323,,,-300,,,
3.917838,,Cancel,42029335,,,-300,,,
3.918723,,Insert,42093879,0,A,300,84900,G,
3.918973,,Insert,42093895,0,B,300,82100,G,
3.918973,,Insert,42093899,0,A,300,84400,G,
3.919326,,Cancel,42093839,,,-300,,,
3.919726,,Insert,42093959,0,B,300,82100,G,
3.923237,,Insert,42094055,0,A,100,84900,G,
3.929216,,Insert,42094287,0,A,385,83400,G,
3.935011,,Insert,42094511,0,B,400,83100,G,
3.935294,,Cancel,42048179,,,-300,,,
3.935296,,Insert,42094527,0,B,300,83300,G,
3.935298,,Insert,42094531,0,B,300,83200,G,
3.935323,,Cancel,42092947,,,-100,,,
3.935323,,Cancel,41980407,,,-100,,,
3.935332,,Cancel,42078823,,,-200,,,
3.935373,,Insert,42094539,0,B,200,83300,G,
3.942928,,Cancel,42093959,,,-300,,,
3.943042,,Cancel,42093895,,,-300,,,
3.947728,,Insert,42094839,0,B,300,82100,G,
3.947974,,Insert,42094863,0,B,300,82100,G,
3.952347,,Cancel,42093899,,,-300,,,
3.952977,,Insert,42095023,0,A,300,84900,G,
3.953729,,Insert,42095187,0,A,300,84400,G,
3.953976,,Insert,42095211,0,A,300,84400,G,
3.95834,,Cancel,42094839,,,-300,,,
3.958453,,Cancel,42094863,,,-300,,,
3.961981,,Insert,42095627,0,B,300,82100,G,
3.976796,,Cancel,42093239,,,-100,,,
3.976803,,Insert,42096419,0,B,100,81700,G,
